,cases_mean,cases_median,cases_Std,low_ci_05,high_ci_95,low_ci_025,high_ci_975,type
2020-03-06,1.1492953170873226,0.8934362828731537,0.8682403492239505,0.288520148396492,2.87800897359848,0.23888706602156162,3.3648635387420565,estimate
2020-03-07,1.374039563409984,1.1791656613349915,0.8134989213993324,0.4655109092593193,2.925343263149261,0.37903631255030634,3.3916487634181944,estimate
2020-03-08,1.610674302458763,1.423233985900879,0.8383118009155404,0.6280128091573716,3.1834341526031493,0.5276624903082847,3.7107006549835178,estimate
2020-03-09,1.92499516479671,1.7223163843154907,0.8996232631190131,0.8442872047424317,3.5684906959533693,0.7417377278208732,4.104981815814968,estimate
2020-03-10,2.3752619414031506,2.1881861686706543,1.0050534998744862,1.12714324593544,4.215696716308594,1.0066882461309432,4.671895802021025,estimate
2020-03-11,2.9750234890282155,2.7587504386901855,1.153896759339927,1.4835818648338317,5.107740950584411,1.3416820883750915,5.81397533416748,estimate
2020-03-12,3.80049098521471,3.5392571687698364,1.4235313045898927,1.9903571963310243,6.342504429817199,1.8084710389375687,7.1487785100936865,estimate
2020-03-13,4.991797921836376,4.691802263259888,1.7351486786741082,2.7919364213943485,7.9399594306945795,2.4683540642261503,8.90537734031677,estimate
2020-03-14,6.260512465894222,5.978974342346191,2.1272509589440958,3.49721999168396,9.911919689178465,3.1816137552261354,10.789344072341919,estimate
2020-03-15,7.499980771541596,7.098416566848755,2.525690100046732,4.217605710029602,11.923815822601316,3.7267406404018404,13.078898358345025,estimate
2020-03-16,9.001224667787552,8.603623390197754,3.042413878659137,5.003678989410401,14.393031311035154,4.496147656440735,16.022671556472776,estimate
2020-03-17,10.806451442003251,10.349628448486328,3.616965505404814,6.120909357070923,17.622752857208248,5.458117735385894,19.39599733352661,estimate
2020-03-18,13.05333788228035,12.454649925231934,4.120911061704506,7.611461186408996,20.409378910064696,6.789033889770508,22.438935899734492,estimate
2020-03-19,15.647845995426177,14.924406051635742,4.686826980348553,9.380285549163819,24.015196704864497,8.585882878303527,26.495979595184323,estimate
2020-03-20,17.985293550491335,17.292573928833008,5.634354929705274,10.592245531082153,28.43228540420532,9.71893675327301,31.845398759841917,estimate
2020-03-21,20.954020227670668,19.8275089263916,6.670865054145298,12.184057903289794,33.357443237304686,10.906431651115419,37.729253578186,estimate
2020-03-22,24.9970515294075,23.81447124481201,7.664933839900614,14.915031290054323,38.72772426605225,13.497971057891846,42.629778385162304,estimate
2020-03-23,29.069074665546417,27.790008544921875,8.893825897406,16.908145236968995,45.68868370056152,15.511309933662416,49.633961963653555,estimate
2020-03-24,32.44741974639893,31.143576622009277,10.015046310836352,18.899814033508303,51.804833984374994,17.08537769317627,56.00368795394896,estimate
2020-03-25,36.31218250989914,34.47810935974121,11.415446151244591,21.415105533599853,57.84158115386963,19.212526655197145,62.69369163513183,estimate
2020-03-26,42.01710717821121,39.83279800415039,12.757537578535697,25.19017610549927,66.34642219543457,22.968187952041628,71.79206256866452,estimate
2020-03-27,47.30397758054733,45.69208908081055,13.92579793762923,28.580456447601318,72.85057563781737,26.246818780899048,79.67495193481446,estimate
2020-03-28,52.45358815193176,50.101980209350586,15.487278828731748,31.70213022232056,80.69353103637695,29.86451530456543,88.72801303863524,estimate
2020-03-29,57.58608289718628,55.01767539978027,16.67013260356737,34.679967689514164,87.87044067382811,32.48984842300415,95.71295738220213,estimate
2020-03-30,61.51810625553131,59.31017875671387,16.91239955231919,37.935999107360836,92.31647987365722,35.60195283889771,99.76367187499991,estimate
2020-03-31,65.68743428516387,63.82667922973633,17.288183061463315,41.30340099334717,95.83037757873534,38.13667802810669,104.71420879364014,estimate
2020-04-01,67.64641104125977,65.10170364379883,17.54234636467284,42.636399841308595,98.59216690063477,39.61238946914673,105.4651271820068,estimate
2020-04-02,67.89611685943603,65.78259658813477,17.48767171262542,43.10793533325195,99.20446090698242,40.30526857376098,108.6026584625244,estimate
2020-04-03,68.48531944561005,66.14115524291992,17.489602126260255,43.815336799621576,100.33858680725098,40.77884006500244,109.66657238006592,estimate
2020-04-04,67.02825398731231,64.86627960205078,17.351774566921087,43.071251487731935,98.60509033203125,40.06852989196778,105.95413246154781,estimate
2020-04-05,66.59364395236969,64.27162170410156,17.072662608707947,42.93871364593505,97.78646507263183,39.66987571716308,105.85596389770504,estimate
2020-04-06,66.54866446876525,64.61941146850586,16.418662095182793,44.087585067749025,96.84798316955566,41.70006618499756,107.11641044616695,estimate
2020-04-07,65.1078822259903,63.1341495513916,15.786450006514793,43.4152156829834,94.63636589050293,40.244700241088864,101.07005710601804,estimate
2020-04-08,60.35594320392609,58.66122055053711,14.723134113776464,39.09601974487305,87.49031562805175,35.14567947387695,93.17590217590332,estimate
2020-04-09,57.197514037132265,55.305423736572266,14.276195445212146,37.41230583190918,82.8741039276123,33.79392385482788,89.79041862487774,estimate
2020-04-10,53.18421061897278,51.62982177734375,13.702206051825039,34.08494319915771,77.64793281555174,30.678588914871217,84.03565025329588,estimate
2020-04-11,49.84912826538086,48.27621078491211,13.668661533447366,30.684615421295167,74.66822547912598,27.916217947006224,81.41819629669187,estimate
2020-04-12,48.635485218048096,46.75522232055664,13.350020461742655,29.869932842254638,73.5051815032959,27.36645975112915,79.53256855010986,estimate
2020-04-13,49.63431637096405,48.41944885253906,13.221244066033876,30.819209957122805,73.65857467651367,28.96546721458435,80.02839050292968,estimate
2020-04-14,51.77601278400421,50.55795669555664,13.669064365634389,32.338255691528325,75.95908317565916,29.86335906982422,83.10572280883788,estimate
2020-04-15,55.06706529521942,53.36111640930176,14.231457493376666,34.74008846282959,79.95252723693847,31.5020809173584,86.20157642364501,estimate
2020-04-16,60.18078493118286,58.728004455566406,14.98301850132695,38.69442977905273,88.07315368652344,35.38821525573731,93.90362987518306,estimate
2020-04-17,66.65216856384278,65.18795394897461,16.353842754149266,44.01188201904297,96.61937751770019,40.57081661224365,103.41634693145751,estimate
2020-04-18,73.43108097362519,71.46400451660156,17.34217460436528,48.901142311096194,105.7148120880127,45.578897094726564,111.04453544616698,estimate
2020-04-19,78.90391276741028,76.91410827636719,19.45522324715105,51.50555210113525,114.44920959472655,47.78623523712158,121.56868343353268,estimate
2020-04-20,84.70696484565735,81.58934020996094,21.626321701443782,54.868099021911625,125.40914039611816,51.10946846008301,134.9347541809082,estimate
2020-04-21,91.60222379112244,88.34492874145508,23.893372017571018,58.91405391693115,135.71979598999025,55.21398601531982,148.09995727539064,estimate
2020-04-22,98.29907736778259,95.4283447265625,26.18291810077115,62.16476745605469,147.02569961547852,57.12340574264527,160.77336082458493,estimate
2020-04-23,107.45035304069519,103.8584098815918,27.533702138851876,68.12344512939454,159.05300903320307,64.18178424835205,172.38435401916493,estimate
2020-04-24,112.65309467124939,109.03174591064453,29.43025432111804,71.77181472778321,167.0029495239258,67.01035251617432,179.3070247650146,estimate
2020-04-25,117.23390166664123,113.21665954589844,31.446420026956638,74.31277275085449,175.3590072631836,68.86972370147706,190.73160285949706,estimate
2020-04-26,122.11574345588684,118.62060546875,33.44911315572133,74.73166084289551,183.64192352294918,69.21056385040283,196.8037643432617,estimate
2020-04-27,126.64946263504028,122.13987350463867,34.185071280058615,79.0077365875244,187.78126525878906,71.60444278717041,202.40408058166483,estimate
2020-04-28,132.16542875480653,128.1778335571289,35.55215076465164,81.73531646728516,196.82863540649413,74.12100811004638,211.99196357727044,estimate
2020-04-29,137.10876962661743,132.18448638916016,36.235059935317494,85.26226997375488,205.30966339111328,78.84856224060059,218.29452781677236,estimate
2020-04-30,141.75896168136597,137.0535430908203,37.127599509981984,89.41073493957519,209.63231124877927,80.76231994628907,226.19832305908193,estimate
2020-05-01,146.24307806396484,142.084228515625,40.16052164242102,88.16077156066895,220.14038085937497,80.26462879180909,234.06149139404295,estimate
2020-05-02,151.50108904647828,147.2769012451172,39.81408278727263,94.97480506896972,223.84113693237305,89.70845222473145,241.76028366088858,estimate
2020-05-03,157.24784479141235,153.68392944335938,39.2703560052472,100.53042869567872,227.61469497680665,93.02162189483643,245.73725738525368,estimate
2020-05-04,162.24664719772338,158.55013275146484,39.0440533570836,105.36535797119141,232.14308853149413,97.55140762329103,247.4187160491943,estimate
2020-05-05,165.95355560874938,162.62062072753906,39.10553935472409,107.51394996643066,235.36674575805662,100.44645690917969,251.60672760009757,estimate
2020-05-06,168.55192609024047,165.20940399169922,39.87990095196697,108.30340423583984,240.73723068237302,101.00083274841309,256.9232391357421,estimate
2020-05-07,170.88710470199584,168.19506072998047,38.89924620361265,112.9552173614502,239.37299118041992,105.94903736114503,256.87150039672844,estimate
2020-05-08,171.6861301383972,168.4550552368164,39.37224037765062,113.93522338867189,241.71084213256833,104.75752830505371,261.3946411132812,estimate
2020-05-09,171.16958895111085,166.40264129638672,39.981526908276514,115.1173698425293,242.76969070434566,106.38045291900634,260.3138526916503,estimate
2020-05-10,173.40557377243042,169.20560455322266,40.27851176943678,116.46139373779296,242.62371826171875,108.40495319366455,264.7655326843261,estimate
2020-05-11,178.13628340911865,173.59012603759766,40.707169400734784,119.12600021362306,251.997843170166,109.91116428375244,271.0798347473144,estimate
2020-05-12,181.76417814254762,177.4604263305664,42.37735231889143,120.46525230407714,259.77288513183595,110.45358886718749,277.9559097290038,estimate
2020-05-13,188.32264385223388,183.68309783935547,43.41062113408696,124.90284843444825,264.83833465576174,116.16208229064941,291.94721298217775,estimate
2020-05-14,196.5719171333313,190.04469299316406,46.07770486829963,132.02134399414064,279.7392379760742,123.60299892425537,304.7822776794433,estimate
2020-05-15,209.93967246627807,203.02733612060547,48.636370124343195,141.69176330566407,297.3593307495117,133.4540817260742,322.74360046386715,estimate
2020-05-16,221.37706510543822,215.8128433227539,51.8616483277558,146.82861709594727,314.98753204345707,136.50408096313475,334.6975929260252,estimate
2020-05-17,234.27342911911012,227.83560943603516,56.7991677289721,154.56308593749998,331.71829071044914,142.86036529541016,357.04976119995104,estimate
2020-05-18,249.06896837615966,241.65386199951172,61.869215402135545,160.1994346618652,357.01811370849606,147.30051155090334,379.2786407470702,estimate
2020-05-19,263.78421308517454,255.58975219726562,66.0254639325904,170.52986373901368,380.2630706787109,156.826012802124,410.903547668457,estimate
2020-05-20,279.4382613258362,272.01617431640625,71.05550532412033,178.51990509033203,407.14408111572266,163.57086715698242,430.868459320068,estimate
2020-05-21,301.054459274292,293.3309631347656,74.17558974473317,193.37088851928712,441.6099853515625,179.5077682495117,471.1447776794431,estimate
2020-05-22,320.91677667236326,312.32054138183594,78.52804502058677,205.997998046875,466.3972290039062,192.87533531188964,495.38855056762696,estimate
2020-05-23,335.6224473419189,327.554931640625,82.50313174770584,214.80180816650392,486.438638305664,195.35450744628906,512.4250549316405,estimate
2020-05-24,351.16060013580324,341.85093688964844,85.06907474695946,229.05957260131837,504.40773315429686,214.71302909851076,540.2610687255856,estimate
2020-05-25,371.6026138763428,363.91419982910156,86.68504372307075,243.97992324829102,521.3182617187498,229.31906356811524,573.5212631225586,estimate
2020-05-26,388.7025590286255,380.8292999267578,90.52600782178689,257.62219848632816,546.5560302734375,239.48518257141114,594.8277359008789,estimate
2020-05-27,407.8867721710205,399.9713897705078,91.43533893782123,274.35423126220707,568.3730865478516,253.45423202514647,607.4817001342769,estimate
2020-05-28,418.76221747589113,411.0722198486328,91.32784293349961,285.3064727783203,574.1157104492187,262.57933197021487,625.34386138916,estimate
2020-05-29,418.475790184021,408.75205993652344,93.10614935811878,281.8829147338867,587.3699279785155,257.51881408691406,627.6078826904295,estimate
2020-05-30,413.19746631622314,403.9624786376953,94.87721456330306,276.3499725341797,582.8322204589842,260.5866355895996,625.6324264526364,estimate
2020-05-31,410.247439781189,395.91851806640625,93.73786768657199,271.3141494750976,577.815771484375,258.15567779541016,621.8006271362304,estimate
2020-06-01,409.8203483428955,400.7041473388672,92.9691974044976,277.2506851196289,577.4691162109375,255.27071685791017,612.0129302978515,estimate
2020-06-02,413.3163871383667,403.7753143310547,93.05440477520436,280.89189758300785,574.6907623291015,258.2178581237793,616.436911010742,estimate
2020-06-03,413.42017526245115,405.61558532714844,94.21012927933597,276.99262084960935,578.3201324462891,253.52380447387694,629.8410110473632,estimate
2020-06-04,413.9962096862793,404.9053955078125,95.47982414357816,274.5913711547852,585.6509826660156,254.44760780334474,633.0003479003904,estimate
2020-06-05,418.81285888671874,409.44158935546875,97.92650019905132,276.4519256591797,596.4682830810547,256.2449066162109,635.9644470214844,estimate
2020-06-06,425.4010737228393,415.8714904785156,102.88280550129387,278.0107391357422,613.5397338867186,257.40257797241213,657.8951416015623,estimate
2020-06-07,442.12043159484864,429.39137268066406,107.37998753277763,289.1635177612304,635.2293670654296,262.4980224609375,684.3124282836912,estimate
2020-06-08,460.1337908630371,449.57240295410156,109.66486715987034,299.5514114379883,655.7978973388672,274.197348022461,697.0410186767577,estimate
2020-06-09,485.7249415969849,474.3664245605469,117.73967372154974,311.75970764160155,690.5288024902344,288.20231170654296,739.9270812988279,estimate
2020-06-10,514.6527845993043,503.7932891845703,127.13687070707728,330.56490020751954,742.7163726806641,302.81266021728516,794.4744659423826,estimate
2020-06-11,545.3110679168701,527.4601135253906,136.81785112939545,350.8157257080078,798.5692291259764,327.9093727111816,855.3021301269532,estimate
2020-06-12,580.6432611465455,563.682861328125,146.6719382504637,373.2803314208984,850.0807830810546,342.24059295654297,910.8351470947266,estimate
2020-06-13,620.4217385787964,604.2429504394531,156.0789263100413,395.9817687988281,902.3760772705077,371.9144996643066,975.8377441406249,estimate
2020-06-14,656.8900843353272,640.1014709472656,164.53743698550932,425.0315078735352,952.6153839111328,395.25311813354494,1027.9709167480469,estimate
2020-06-15,704.2404466247558,682.6353759765625,174.41574872739199,457.76367492675786,1029.0037475585937,425.7109962463379,1114.7901092529296,estimate
2020-06-16,740.2094313049316,724.6572265625,186.92731478156966,471.8391571044922,1079.7205749511718,433.90289306640625,1162.588162231445,estimate
2020-06-17,810.0445022277833,788.0455627441406,200.41319617050172,517.516796875,1180.512518310547,487.3441452026367,1262.6554412841797,estimate
2020-06-18,873.8716679077148,850.6998901367188,215.19218513829776,565.5457275390625,1255.2095153808593,530.829248046875,1356.6993041992187,estimate
2020-06-19,918.2363583526611,895.3742980957031,221.09088046923574,599.6297424316406,1316.3248474121092,545.109391784668,1404.5462402343749,estimate
2020-06-20,973.3817966156006,953.7284545898438,234.63204503095088,632.3561187744141,1401.6700561523435,568.7130966186523,1511.0695770263671,estimate
2020-06-21,1020.3920405426026,999.6306457519531,244.28484929762382,665.7797088623047,1450.468310546875,608.5024398803712,1567.9359252929687,estimate
2020-06-22,1048.5444091644288,1021.1553955078125,249.81191741460577,682.0979431152343,1495.70283203125,635.2508972167968,1626.5046539306632,estimate
2020-06-23,1057.6753827819825,1033.3585205078125,259.18489626550297,673.804998779297,1526.9138244628905,616.3089172363282,1648.9849334716796,estimate
2020-06-24,1099.8126650390625,1066.1624755859375,263.7737532740992,724.0505950927734,1586.13115234375,674.2472473144531,1705.6656738281247,estimate
2020-06-25,1128.0879439697267,1097.747314453125,268.2046123652927,754.5248626708984,1613.0384338378906,705.9458953857422,1769.7903686523434,estimate
2020-06-26,1165.8771850280762,1134.412109375,267.91882826472465,776.3962738037109,1642.691436767578,722.263134765625,1774.8709350585932,estimate
2020-06-27,1156.2381776275636,1126.674560546875,277.64088168578263,754.2657104492188,1660.1607055664062,702.433155822754,1803.872360229491,estimate
2020-06-28,1127.4028493499757,1093.1458740234375,294.4934062078604,722.9741577148437,1644.0544494628907,672.2187316894532,1790.4375732421872,estimate
2020-06-29,1158.3465108795167,1117.9942016601562,301.5664207622641,738.1693054199219,1705.8647155761719,689.0651184082031,1852.5598815917967,estimate
2020-06-30,1223.9261785583496,1179.5853881835938,312.70001661467046,773.8716278076172,1797.0100219726562,736.1211181640625,1919.1312499999988,estimate
2020-07-01,1286.9766885681152,1259.8807373046875,311.5123825600544,835.9130157470703,1842.3370483398437,782.4240402221681,1998.6890838623042,estimate
2020-07-02,1349.0817495422364,1308.9423217773438,329.95435945085035,872.4928680419922,1971.6935241699216,807.617561340332,2119.344232177734,estimate
2020-07-03,1419.6353938903808,1380.5520629882812,352.4840206417277,920.0435729980469,2043.8472045898436,848.3485000610352,2221.6166381835933,estimate
2020-07-04,1507.9185654296875,1470.17529296875,377.9079119067091,963.1885955810546,2191.2790405273436,892.5358352661133,2356.6631774902335,estimate
2020-07-05,1603.8940324707032,1555.8269653320312,409.3404641446331,1022.1479034423828,2340.2604370117188,947.515528869629,2492.2477478027345,estimate
2020-07-06,1727.301512664795,1676.1880493164062,432.8926361078683,1125.9406677246093,2509.3477416992187,1055.0676239013671,2705.4043212890624,estimate
2020-07-07,1837.8213916320801,1788.044189453125,449.46363389020695,1176.3431274414063,2675.6804077148436,1096.082974243164,2831.7318298339837,estimate
2020-07-08,1984.394597869873,1926.054931640625,484.5238423205152,1289.1618225097654,2868.926403808594,1201.301141357422,3077.163128662109,estimate
2020-07-09,2132.7427617797853,2089.2935791015625,508.43429250615975,1397.07548828125,3042.8800903320307,1288.9165924072265,3268.6554016113273,estimate
2020-07-10,2247.7101141052244,2188.62646484375,545.2229832235145,1457.0923400878908,3224.4134277343746,1347.8885070800782,3535.7761291503907,estimate
2020-07-11,2343.2815152282715,2289.99072265625,584.6632630098586,1501.8279052734374,3370.8486450195314,1393.835675048828,3702.3323852539042,estimate
2020-07-12,2427.666607635498,2351.0242919921875,634.7687561764046,1522.7943420410156,3557.030383300781,1420.847982788086,3868.44645385742,estimate
2020-07-13,2525.7879174499512,2452.4552001953125,662.9263502785888,1575.2467468261718,3695.047131347656,1466.8633880615234,4015.0643066406224,estimate
2020-07-14,2642.345397644043,2542.170166015625,692.618894958323,1673.885272216797,3880.7993164062495,1556.0561889648436,4184.140515136714,estimate
2020-07-15,2753.4567472229005,2650.6614990234375,719.0777651960236,1783.9972412109375,4047.333532714844,1657.0608123779298,4418.836938476562,estimate
2020-07-16,2801.8168008422854,2714.171142578125,741.329092259738,1759.3891540527343,4132.434008789062,1596.9230712890624,4414.689868164062,estimate
2020-07-17,2974.432182006836,2889.411865234375,765.4778079998429,1885.1619689941406,4391.015625,1740.3790344238282,4711.963452148437,estimate
2020-07-18,3174.885088989258,3094.8731689453125,773.303726165731,2051.078112792969,4577.500415039062,1908.5327392578124,4902.755224609372,estimate
2020-07-19,3310.468248474121,3212.3297119140625,772.9686444504481,2161.313647460938,4716.811743164062,1997.9867431640625,5046.464892578125,estimate
2020-07-20,3387.4837053222655,3309.4691162109375,792.3735004655292,2244.6858520507812,4817.725317382812,2063.3562072753907,5133.9067749023425,estimate
2020-07-21,3432.8571033935546,3346.7022705078125,818.1265401252293,2267.7313598632813,4895.073632812499,2127.9076660156247,5255.414013671873,estimate
2020-07-22,3428.1517372436524,3348.4549560546875,825.4589378836392,2237.268933105469,4927.992993164062,2074.6911376953126,5276.194812011713,estimate
2020-07-23,3468.586025146484,3388.0194091796875,839.8968894510532,2235.2230224609375,4940.225097656249,2081.525360107422,5341.338024902343,estimate
2020-07-24,3508.6598643188477,3395.1519775390625,865.4925507823443,2280.6843872070312,5082.793383789062,2104.979528808594,5482.344287109375,estimate
2020-07-25,3551.868228149414,3449.943603515625,885.7940719612245,2315.4168090820312,5174.929833984375,2112.499591064453,5576.234741210934,estimate
2020-07-26,3737.7079169921876,3610.5645751953125,899.5948741757015,2468.6245849609377,5378.21904296875,2290.7793457031253,5852.839501953125,estimate
2020-07-27,3923.238603881836,3815.2718505859375,893.3705252051889,2660.8557617187503,5509.885278320313,2506.084606933594,5913.885803222655,estimate
2020-07-28,3878.5724622192383,3782.6787109375,908.7879336829606,2611.327319335938,5522.3673095703125,2433.3839721679688,5962.374902343749,estimate
2020-07-29,3836.165045471191,3714.8819580078125,924.3965557501949,2516.8490600585938,5478.4541015625,2362.146484375,5894.907702636716,estimate
2020-07-30,3803.1020609741213,3689.449951171875,905.0054806618535,2502.387487792969,5471.9012451171875,2327.9223815917967,5838.684533691406,estimate
2020-07-31,3859.8120637817383,3743.205078125,878.8674164271677,2602.1815795898438,5465.903002929687,2418.7471496582034,5939.526000976562,estimate
2020-08-01,3906.995478942871,3806.6124267578125,845.9065511472244,2725.7386474609375,5492.2576904296875,2554.401483154297,5848.00352783203,estimate
2020-08-02,3828.3458428955078,3757.8592529296875,828.4094217959743,2641.574926757812,5325.528442382812,2464.244274902344,5677.960180664061,estimate
2020-08-03,3811.0407091674806,3740.550537109375,802.2003095761593,2616.126696777344,5217.206469726562,2456.2270629882814,5583.435900878905,estimate
2020-08-04,3732.1312094726563,3654.414794921875,787.6094394353967,2575.5623168945312,5134.542578125,2414.5064086914062,5468.807971191405,estimate
2020-08-05,3689.592745239258,3640.2742919921875,801.9462301813857,2506.6130859375003,5082.901171875,2349.503454589844,5364.739794921875,estimate
2020-08-06,3686.3483381347655,3618.5037841796875,806.236485947758,2476.019189453125,5106.112719726562,2300.1324829101563,5452.202465820311,estimate
2020-08-07,3724.082248596191,3642.6888427734375,827.358213429981,2521.574462890625,5254.139477539063,2328.167028808594,5581.122668457031,estimate
2020-08-08,3763.7233572387695,3649.2508544921875,846.2248063080771,2547.6453369140627,5320.238354492188,2381.805377197266,5682.068737792966,estimate
2020-08-09,3866.14236517334,3796.65576171875,847.0920218278527,2635.873889160156,5421.239453125,2436.475762939453,5735.5130737304635,estimate
2020-08-10,4057.221646606445,3972.1854248046875,856.3474349248486,2818.779919433594,5575.072265625,2634.719122314453,5967.742065429687,estimate
2020-08-11,4129.622451477051,4046.5206298828125,883.87450360313,2869.388537597656,5716.345043945313,2643.2851806640624,6137.538134765624,estimate
2020-08-12,4261.965616760254,4189.092041015625,892.8045232834227,2980.6519165039062,5819.734326171875,2782.874157714844,6194.438623046874,estimate
2020-08-13,4278.067102539063,4198.5478515625,887.2590946771415,2970.5569091796874,5851.547680664063,2786.852880859375,6230.008337402341,estimate
2020-08-14,4353.611168090821,4283.316162109375,870.4176410965508,3067.3650146484374,5955.327392578125,2908.2785034179688,6299.932519531248,estimate
2020-08-15,4370.338801757813,4305.294921875,860.4940605759807,3102.694104003906,5925.464916992187,2919.303179931641,6314.1537109375,estimate
2020-08-16,4263.351527648926,4190.896484375,846.7471829409416,3012.525390625,5731.298950195312,2762.1867248535154,6137.363525390624,estimate
2020-08-17,4137.932918945313,4061.9608154296875,821.396636286591,2942.2783081054686,5568.948779296875,2717.095178222656,5915.099462890625,estimate
2020-08-18,4054.332519958496,3992.8697509765625,776.476094809353,2904.5877807617185,5434.206811523437,2744.414520263672,5717.307592773436,estimate
2020-08-19,3852.6662177734374,3809.9017333984375,728.95136948987,2775.517797851562,5089.820776367187,2595.538952636719,5416.677294921874,estimate
2020-08-20,3671.507708312988,3617.4608154296875,695.9385107740246,2646.9076660156247,4879.731762695312,2478.86806640625,5116.971752929684,estimate
2020-08-21,3501.827227661133,3466.099609375,667.5054450227242,2501.7742919921875,4678.526586914062,2315.0769775390627,4916.715673828125,estimate
2020-08-22,3350.049547424316,3310.102783203125,643.8694240204381,2382.3965576171877,4451.366333007812,2207.2926086425778,4680.856066894531,estimate
2020-08-23,3221.3419556884764,3169.186279296875,619.8698045749517,2334.431115722656,4293.713842773437,2138.923260498047,4528.6705078125,estimate
2020-08-24,3100.1140053100585,3045.34619140625,597.1686501449735,2193.2791137695312,4112.4166259765625,2046.7153198242188,4320.3911743164035,estimate
2020-08-25,2986.980835144043,2953.136962890625,575.8881631553379,2114.9386962890626,3999.935229492188,1965.997592163086,4251.960778808593,estimate
2020-08-26,2890.647736572266,2850.554443359375,558.0014124776106,2076.7424560546874,3868.6747436523433,1931.313510131836,4120.802282714842,estimate
2020-08-27,2823.1605344238283,2774.0897216796875,544.779653891009,1991.7343322753907,3794.102258300781,1878.4530212402344,4021.8850463867175,estimate
2020-08-28,2743.314813842773,2711.114990234375,541.3661388073589,1918.1894409179688,3704.1702270507812,1789.1418884277346,3896.9562133789045,estimate
2020-08-29,2692.5902267456054,2660.091796875,531.48304970162,1864.8152893066408,3603.9330810546876,1726.8494750976563,3819.685290527343,estimate
2020-08-30,2639.55241217041,2599.797607421875,509.54929799610386,1857.0670593261718,3548.6299438476562,1749.4882568359376,3773.376019287109,estimate
2020-08-31,2567.1833877563477,2534.286376953125,501.031227999232,1801.8224853515626,3452.8851806640623,1673.3226287841799,3645.824554443359,estimate
2020-09-01,2499.5377584228518,2470.10595703125,483.7555196844041,1772.4354248046875,3348.9164306640623,1650.3112487792969,3570.380578613281,estimate
2020-09-02,2439.616868530273,2397.2005615234375,460.87011778797944,1747.5858093261718,3242.432495117187,1630.6737548828125,3478.472790527342,estimate
2020-09-03,2372.40716204834,2351.209716796875,445.79375789820114,1698.667791748047,3132.1949707031245,1579.9601593017578,3343.3141479492183,estimate
2020-09-04,2310.8502200317384,2292.8197021484375,439.02111209126224,1625.4137756347657,3071.6408081054688,1530.1263824462892,3276.128173828124,estimate
2020-09-05,2250.798336303711,2223.9134521484375,436.5751754895077,1576.5352111816408,2998.3756958007807,1487.9956359863281,3180.0533630371083,estimate
2020-09-06,2209.8723700561522,2196.131591796875,426.80242324749895,1566.384649658203,2928.3975463867187,1457.0311584472656,3114.7304626464834,estimate
2020-09-07,2162.1131463623046,2128.8966064453125,427.0405841288902,1529.5802490234375,2905.9299438476564,1419.3077026367187,3119.384185791015,estimate
2020-09-08,2114.37218649292,2082.485595703125,415.83885907752426,1504.4796081542968,2843.63720703125,1411.686605834961,3037.8866577148433,estimate
2020-09-09,2062.3357854309083,2040.5086059570312,396.52292122937496,1461.6933471679686,2761.669836425781,1355.9184661865236,2951.7822387695305,estimate
2020-09-10,2000.1517287292481,1968.7864379882812,382.73677639659775,1414.9083251953125,2673.0620727539062,1327.2614349365235,2846.3721008300768,estimate
2020-09-11,1944.0632427978517,1916.0155029296875,376.62471796574346,1375.0002502441407,2614.696728515625,1280.4579833984374,2789.067065429687,estimate
2020-09-12,1894.7663297729491,1863.26611328125,366.37164143960865,1340.3996704101562,2553.330065917969,1262.7321472167969,2700.7518127441376,estimate
2020-09-13,1869.3598133239745,1834.0255126953125,358.85408639585324,1331.39033203125,2516.392492675781,1244.2377990722657,2704.0315002441407,estimate
2020-09-14,1845.3929348144532,1817.3551635742188,350.14880553074016,1306.7843872070314,2486.0169677734375,1234.368148803711,2622.7420471191404,estimate
2020-09-15,1819.5760388183594,1783.6016845703125,345.6596637265308,1314.9950378417968,2451.6136108398437,1223.0908081054688,2592.789526367187,estimate
2020-09-16,1796.710759613037,1764.371337890625,341.5361679607228,1287.7770874023438,2421.626904296875,1206.5081665039063,2553.8419067382815,estimate
2020-09-17,1769.340451171875,1733.6007080078125,340.080378520359,1261.6842895507812,2371.9162109374997,1189.024740600586,2512.545361328124,estimate
2020-09-18,1748.6597416992188,1716.045166015625,341.18977297564254,1264.9795349121096,2348.046008300781,1154.1944396972658,2513.361883544922,estimate
2020-09-19,1723.8501883850097,1687.5689697265625,343.82726921757546,1234.655871582031,2330.9689453124997,1150.0957580566408,2500.682482910156,estimate
2020-09-20,1717.2636319274902,1685.5588989257812,339.8296757646619,1227.4281250000001,2311.134985351562,1160.4861419677734,2455.4745056152337,estimate
2020-09-21,1721.229071838379,1678.6764526367188,346.9617290547976,1227.3394165039062,2334.8292846679683,1147.6440155029297,2541.054376220702,estimate
2020-09-22,1726.7295604858398,1687.1360473632812,347.1582006300613,1229.5826599121092,2317.054162597656,1145.6745147705078,2534.418829345702,estimate
2020-09-23,1730.7603398132323,1693.5300903320312,348.6111932200981,1225.8219421386718,2310.4633178710933,1153.6327911376952,2522.84697265625,estimate
2020-09-24,1744.1610871887208,1721.0037841796875,349.90187296015796,1219.691015625,2359.1295166015625,1113.989828491211,2493.010229492187,estimate
2020-09-25,1753.951205078125,1723.0859985351562,356.39371850972276,1208.7469970703125,2369.7478515625,1110.224642944336,2506.2056091308586,estimate
2020-09-26,1770.915376373291,1740.7567138671875,360.07064903150984,1223.6989196777345,2382.8020629882812,1125.2161560058594,2550.6996765136714,estimate
2020-09-27,1802.7960367126466,1771.4340209960938,369.9226943014314,1246.8863769531251,2437.300439453125,1145.3569030761719,2625.655651855468,estimate
2020-09-28,1838.4164700317383,1806.5301513671875,372.47140873618304,1294.4035278320312,2495.8907592773435,1218.7207763671875,2674.6860168457024,estimate
2020-09-29,1861.4740502929687,1838.4923706054688,374.8224951003808,1297.1172485351562,2516.658081054687,1216.9238006591797,2669.4619445800777,estimate
2020-09-30,1889.5122238769532,1862.284423828125,375.17651740426766,1323.4258728027344,2557.7791381835937,1242.2718688964844,2728.3616088867184,estimate
2020-10-01,1904.072495452881,1864.2322387695312,378.37966809942526,1339.0923828125,2590.839685058593,1259.2795379638671,2793.866571044922,estimate
2020-10-02,1896.867455810547,1868.7615966796875,375.17010786454676,1360.7811096191406,2564.5888183593747,1269.0789947509766,2772.212182617186,estimate
2020-10-03,1881.278278289795,1850.6981811523438,367.74108844320006,1345.6656799316406,2520.820874023437,1261.0465026855468,2733.2594177246096,estimate
2020-10-04,1855.4609050292968,1824.2774047851562,361.36358660298845,1308.2984436035156,2508.36552734375,1237.413995361328,2673.0688781738268,estimate
2020-10-05,1829.9194519958496,1796.9136352539062,361.9767471651482,1307.3570556640625,2477.5084106445315,1230.4764526367187,2624.689801025389,estimate
2020-10-06,1797.0317216186525,1767.8751220703125,353.21666647623965,1282.2692565917969,2417.8587402343746,1208.8865600585937,2565.352655029296,estimate
2020-10-07,1760.2715565795897,1741.3843383789062,348.73445826584003,1239.6001586914062,2377.355261230469,1149.27412109375,2548.7372863769533,estimate
2020-10-08,1721.079203552246,1703.95654296875,345.92484863276803,1211.3833923339844,2317.8837280273438,1117.1408752441407,2443.934118652344,estimate
2020-10-09,1687.3777395935058,1671.76806640625,338.9872885081349,1156.7406005859375,2262.573095703125,1084.6274169921876,2391.505828857422,estimate
2020-10-10,1661.1690112304686,1641.71728515625,342.0435645093733,1127.7910278320314,2231.6788330078125,1047.664254760742,2384.456115722656,estimate
2020-10-11,1658.615535675049,1642.1123046875,340.78080514797193,1132.759100341797,2246.6905517578125,1037.0476379394531,2368.522882080078,estimate
2020-10-12,1664.827134124756,1642.4429931640625,339.58884131947724,1134.0797607421875,2252.9125244140623,1040.6979187011718,2367.3955627441405,estimate
2020-10-13,1682.7392741394042,1672.0405883789062,341.77076001709855,1155.6831298828124,2276.449340820312,1055.8203491210938,2410.4557434082026,estimate
2020-10-14,1702.2303393249513,1680.67529296875,337.4952392728341,1176.4799560546876,2257.7424072265626,1103.942010498047,2417.387182617186,estimate
2020-10-15,1706.436221130371,1682.8549194335938,334.21411869870235,1195.6566040039063,2289.1736450195312,1133.895278930664,2401.852294921875,estimate
2020-10-16,1716.3109801025391,1691.2775268554688,332.8067353679761,1199.9056030273437,2294.3421875,1126.1050262451172,2433.623382568359,estimate
2020-10-17,1730.2487257995606,1714.1369018554688,336.6240483349974,1201.9228881835936,2301.3537231445316,1134.0920654296876,2431.8432678222657,estimate
2020-10-18,1747.3347566833495,1727.5070190429688,334.91713825554416,1234.014978027344,2305.8530639648434,1141.2744110107421,2450.5152343749996,estimate
2020-10-19,1771.8811631469728,1747.1468505859375,342.3849192151694,1268.3696655273438,2386.681115722656,1190.2300323486327,2546.677325439453,estimate
2020-10-20,1796.5223186645508,1770.8280029296875,339.7521483704784,1297.4169128417968,2397.182263183594,1208.1815002441406,2546.5536254882813,estimate
2020-10-21,1822.4570522155761,1795.8226928710938,348.0744016217807,1310.6571472167968,2440.9291748046876,1223.420654296875,2571.6056396484373,estimate
2020-10-22,1848.039826751709,1824.111328125,363.37788679316947,1303.3328247070312,2462.498010253906,1201.9642486572266,2609.4082885742187,estimate
2020-10-23,1869.333592010498,1840.689453125,372.89085101667246,1304.565075683594,2484.686157226562,1220.642333984375,2623.406658935546,estimate
2020-10-24,1904.036256286621,1885.9757080078125,377.310768047718,1328.2162353515625,2548.422998046875,1250.0924163818358,2678.054962158202,estimate
2020-10-25,1947.1393474731444,1928.1250610351562,386.24008679598984,1366.1227600097654,2592.4858886718744,1264.9771759033204,2740.88805541992,estimate
2020-10-26,1984.893024291992,1961.4733276367188,394.0229444600954,1406.3674865722655,2626.943811035156,1304.117739868164,2803.0696044921865,estimate
2020-10-27,2015.8029047241212,1989.4871215820312,401.2821231854324,1394.2391967773438,2719.5526611328123,1302.1967987060548,2868.014227294922,estimate
2020-10-28,2034.1532865905763,1999.8994750976562,405.1290056149153,1421.4553344726562,2731.4593994140623,1305.699267578125,2945.369287109373,estimate
2020-10-29,2034.4429356384278,2001.2562255859375,413.13278527152113,1428.4236511230467,2736.9171752929688,1306.115530395508,2905.902874755857,estimate
2020-10-30,2029.79996383667,2005.9993896484375,405.30561222602466,1423.1794189453124,2705.2169555664063,1318.5833312988282,2904.356060791015,estimate
2020-10-31,2020.4012723693847,2003.0126342773438,403.6271327687705,1401.7590393066405,2692.1193115234373,1312.9670654296876,2881.3760070800777,estimate
2020-11-01,2008.8287757873536,1983.8562622070312,399.10546593628214,1384.0156982421877,2673.5515747070312,1306.3088256835938,2826.099218749999,estimate
2020-11-02,1988.7319797058105,1970.4960327148438,393.99778353077244,1379.8747924804686,2647.050610351562,1280.760110473633,2831.9337463378906,estimate
2020-11-03,1967.1547922668458,1955.713134765625,391.12739427882804,1347.5933959960937,2620.50654296875,1252.782290649414,2798.1664794921867,estimate
2020-11-04,1944.1817903442384,1935.8624267578125,383.4092714688293,1326.3902709960937,2589.903979492188,1263.5874603271484,2737.3211730957023,estimate
2020-11-05,1919.842208770752,1901.3277587890625,381.7743924304158,1313.627197265625,2558.084582519531,1221.1377838134765,2711.494915771484,estimate
2020-11-06,1896.9970401611329,1881.0335083007812,372.7427548991046,1320.9334106445312,2545.94228515625,1230.2294158935547,2677.5814941406247,estimate
2020-11-07,1885.0212712707519,1865.589111328125,374.87628530020834,1313.7881469726562,2534.98759765625,1226.2167846679688,2671.5973449707026,estimate
2020-11-08,1880.145447265625,1863.6055297851562,377.04354985180447,1311.3730957031248,2534.0906494140627,1229.6380889892578,2690.3479492187494,estimate
2020-11-09,1876.3816725769043,1852.4296875,372.59266684613567,1309.903387451172,2512.8263061523435,1231.7187713623046,2668.706182861327,estimate
2020-11-10,1874.7571970825195,1851.095458984375,368.7726629540549,1310.0819885253907,2514.0551635742186,1215.513815307617,2669.716052246093,estimate
2020-11-11,1877.4527998046874,1845.830078125,374.50026435602274,1297.6942504882813,2539.9091796875,1229.4100494384766,2666.122064208983,estimate
2020-11-12,1873.9757062683107,1852.3522338867188,375.7412219476526,1299.745458984375,2514.6616088867186,1213.252719116211,2659.7786499023437,estimate
2020-11-13,1873.9978557128907,1865.4871215820312,379.50609484349974,1270.9138244628905,2531.4609130859376,1192.515298461914,2687.9643127441404,estimate
2020-11-14,1886.7114842834474,1866.9547119140625,385.7514036615116,1277.298162841797,2531.3778808593747,1177.3827148437501,2699.549749755858,estimate
2020-11-15,1917.5346942443848,1903.603271484375,382.26311391519135,1327.6232849121093,2568.7596557617185,1234.0307312011719,2725.0323242187487,estimate
2020-11-16,1941.6825670776368,1919.7487182617188,382.32677791478017,1357.4337768554688,2596.9816772460936,1269.4348846435548,2755.452307128906,estimate
2020-11-17,1956.2572359313965,1945.3551635742188,386.6421504792993,1362.1354125976563,2624.884851074218,1276.9646301269531,2749.0688293457033,estimate
2020-11-18,1980.2467342529296,1959.1434326171875,385.7590419973261,1385.2467529296875,2657.642492675781,1316.1167449951172,2791.301635742187,estimate
2020-11-19,2002.9783417358399,1973.7092895507812,388.7311615059886,1417.4635498046875,2675.176013183594,1311.5022583007812,2838.1988769531245,estimate
2020-11-20,2026.8142414245606,1984.09619140625,397.48728197269884,1439.1339965820312,2711.334643554688,1349.0921875000001,2935.5181213378887,estimate
2020-11-21,2052.3293758850095,2016.616455078125,396.4189444569515,1457.828985595703,2755.5019775390624,1368.3996856689453,2944.1173889160154,estimate
2020-11-22,2090.3115349121094,2050.2510986328125,395.39234179849984,1502.395086669922,2791.446081542969,1401.3954803466797,2998.523950195312,estimate
2020-11-23,2129.853786590576,2091.893310546875,406.9649517003877,1510.8973205566406,2829.5742065429686,1416.1676544189454,3089.2232421874996,estimate
2020-11-24,2169.1923062133787,2145.4453125,411.57819801006445,1519.9910766601563,2894.935852050781,1434.4167236328124,3100.658581542967,estimate
2020-11-25,2202.3411334228517,2178.1744384765625,411.9370353384351,1567.3283264160157,2946.0163696289064,1456.570834350586,3093.6564208984364,estimate
2020-11-26,2226.1739664001466,2193.136962890625,418.78021863936175,1598.2518005371094,2975.7970703125,1475.2891357421875,3132.4672485351557,estimate
2020-11-27,2243.0843130187986,2205.645263671875,429.1032691672348,1590.3985717773437,3001.633386230468,1472.1438720703125,3171.4261230468746,estimate
2020-11-28,2269.970172668457,2236.363525390625,444.88749321821854,1569.7036010742188,3043.7974853515625,1471.5439727783203,3239.6300415039045,estimate
2020-11-29,2299.0119924316405,2269.037353515625,459.11352415817095,1598.2701354980468,3075.9547607421873,1483.8189270019532,3254.0567565917954,estimate
2020-11-30,2337.181379852295,2296.057861328125,466.07064845174426,1649.1759704589845,3154.9313354492188,1549.8214477539063,3353.4258605957025,estimate
2020-12-01,2377.818695526123,2343.1619873046875,481.5335485238808,1665.613787841797,3215.763220214844,1568.0087829589845,3441.7296569824216,estimate
2020-12-02,2428.5947602539063,2396.669677734375,488.47168164820056,1681.627844238281,3290.803112792968,1573.8954772949219,3532.9186279296873,estimate
2020-12-03,2490.8844638061523,2464.9996337890625,496.2469796443709,1750.5445617675782,3343.8863891601563,1655.8825378417969,3570.52271118164,estimate
2020-12-04,2547.7703854370116,2526.5264892578125,521.826337301038,1749.550860595703,3454.688488769531,1612.8123046875,3674.668908691406,estimate
2020-12-05,2610.920472595215,2580.4119873046875,543.5440769153719,1771.1604858398437,3544.773645019531,1631.3133117675782,3758.228948974608,estimate
2020-12-06,2712.2900776367187,2680.8515625,571.4205648309633,1847.6214172363282,3738.292590332031,1715.6134704589842,3907.3149047851552,estimate
2020-12-07,2827.1435735473633,2791.098876953125,594.3575501302093,1938.652813720703,3862.310534667968,1764.7934478759767,4119.692333984375,estimate
2020-12-08,2956.0802662353517,2916.3497314453125,611.5293187673113,2011.6290161132813,4014.516577148437,1867.6342895507812,4244.0145507812485,estimate
2020-12-09,3096.4756486816405,3055.161376953125,643.9578693055496,2097.6991943359376,4219.86669921875,1915.5669036865233,4420.777893066405,estimate
2020-12-10,3233.4605521240233,3190.524169921875,680.6758838740686,2189.636083984375,4430.72607421875,2012.479962158203,4702.3367919921875,estimate
2020-12-11,3371.520452819824,3327.7918701171875,712.2849225280214,2241.515893554688,4600.702563476562,2108.9104614257812,4865.0702392578105,estimate
2020-12-12,3512.7093540039064,3481.7965087890625,753.1655262623942,2356.374621582031,4808.64716796875,2184.826239013672,5070.675866699217,estimate
2020-12-13,3679.9861826782226,3619.1551513671875,798.0914312198868,2468.6024291992185,5103.845410156247,2272.962469482422,5396.220556640625,estimate
2020-12-14,3823.0860598754884,3761.390869140625,827.7624277118495,2610.2835327148437,5302.3758544921875,2387.93515625,5661.2861450195305,estimate
2020-12-15,3980.465282836914,3921.154541015625,873.2118033899177,2659.973706054687,5555.325830078125,2462.3098205566403,5848.192529296873,estimate
2020-12-16,4105.821518737793,4032.4356689453125,916.9512714711304,2672.0536254882813,5683.378881835938,2534.57939453125,6055.8903076171855,estimate
2020-12-17,4230.351481750488,4171.069580078125,947.3443422589625,2768.599633789063,5875.740869140624,2546.7066284179687,6251.454016113281,estimate
2020-12-18,4349.062977783203,4326.646484375,1003.0417927773958,2777.572778320313,6085.511157226562,2585.3033691406254,6521.390783691406,estimate
2020-12-19,4476.697673400879,4434.560302734375,1047.5936743474629,2892.0100219726564,6271.412744140625,2657.5360839843747,6715.712207031249,estimate
2020-12-20,4620.861191101074,4555.295654296875,1071.0751716933437,3022.7450073242185,6454.926806640625,2796.5355834960938,6925.268322753904,estimate
2020-12-21,4768.072519592285,4715.439697265625,1103.6371872945804,3109.5613891601565,6663.6927734374985,2884.7228759765626,7189.770007324217,estimate
2020-12-22,4910.4963866577145,4847.204833984375,1132.6508066175072,3166.8060180664065,6867.927929687499,2967.971795654297,7276.831787109371,estimate
2020-12-23,5038.673893676758,4969.927490234375,1185.7096143447648,3181.8513549804684,7137.342822265625,2941.170037841797,7521.742590332031,estimate
2020-12-24,5138.797512817383,5072.619873046875,1262.7338637171465,3201.95068359375,7429.807861328125,2900.065899658203,7876.042541503905,estimate
2020-12-25,5311.844381103516,5267.647705078125,1292.4235027768393,3322.8010986328127,7596.716137695312,3050.557940673828,7978.251586914062,estimate
2020-12-26,5494.381351196289,5443.951416015625,1333.9353979058176,3427.0860595703125,7802.608544921875,3117.951916503906,8316.345385742188,estimate
2020-12-27,5669.59587097168,5598.67041015625,1345.609722407923,3641.492395019531,7953.88994140625,3341.197039794922,8655.140991210936,estimate
2020-12-28,5829.434250488282,5769.43798828125,1354.9737624153126,3741.288122558594,8169.4088134765625,3433.329510498047,8696.849829101562,estimate
2020-12-29,5959.5367265625,5929.817626953125,1329.416821853659,3870.2767944335938,8235.74482421875,3610.7616699218747,8796.782934570312,estimate
2020-12-30,6049.87284765625,5986.63037109375,1349.309204752417,3966.3074829101565,8363.707812499999,3701.769708251953,8791.828637695313,estimate
2020-12-31,6134.173963256836,6108.815185546875,1358.5734397805495,3978.3073486328126,8460.853271484375,3624.0496459960937,8843.784838867186,estimate
2021-01-01,6272.712556030274,6242.621337890625,1346.9141520927542,4114.37666015625,8616.81923828125,3795.8018005371096,8968.926000976558,estimate
2021-01-02,6373.909357055664,6302.08935546875,1340.011416455058,4197.951318359374,8666.935205078125,3897.3578308105466,9121.508300781246,estimate
2021-01-03,6428.473454345703,6304.956298828125,1302.0790241635482,4454.641015625,8714.402587890625,4090.883923339844,9330.940283203125,estimate
2021-01-04,6444.550899658203,6299.293701171875,1250.4074977738533,4595.676049804687,8703.6166015625,4320.85576171875,9226.14738769531,estimate
2021-01-05,6387.617284912109,6286.17724609375,1194.7325612189557,4627.84873046875,8525.892626953124,4349.8974609375,8984.87189941406,estimate
2021-01-06,6275.121531860352,6153.994384765625,1141.9412471997132,4589.038110351563,8288.81298828125,4328.278259277344,8851.90393066406,estimate
2021-01-07,6108.567683715821,6009.737060546875,1112.8365120482872,4452.4568359375,8108.8919677734375,4216.207421874999,8641.973779296874,estimate
2021-01-08,5915.836744995117,5779.072509765625,1096.3559637274086,4324.115747070313,7921.113867187499,4077.502587890625,8380.408813476559,estimate
2021-01-09,5682.398776000977,5561.414306640625,1059.7740399445452,4151.00537109375,7629.640161132813,3912.2703552246094,8010.654211425781,estimate
2021-01-10,5440.699208740234,5321.3759765625,1006.3143047496685,4047.059924316406,7302.891650390626,3805.5936523437504,7743.512536621086,estimate
2021-01-11,5186.61880847168,5031.283935546875,963.3812945979184,3877.7293334960937,7065.008544921875,3683.7075317382814,7394.300830078122,estimate
2021-01-12,4893.54248815918,4751.18701171875,906.4123685057087,3689.8485473632813,6688.338525390624,3464.0291076660155,7182.302148437499,estimate
2021-01-13,4589.486900634765,4452.993408203125,852.3306808568468,3443.6806762695314,6221.960278320313,3284.2114196777343,6707.083972167966,estimate
2021-01-14,4278.5244530029295,4144.3212890625,803.0162474213396,3211.466967773438,5737.760424804686,3069.465411376953,6334.079907226555,estimate
2021-01-15,3971.7095489501953,3842.6873779296875,740.6796292724368,2989.2917846679684,5364.946118164062,2872.499755859375,5770.469543457029,estimate
2021-01-16,3673.875666870117,3551.4986572265625,686.4771054139557,2773.4752685546873,4946.213598632812,2668.2806701660156,5322.3832275390605,estimate
2021-01-17,3377.3138825683595,3274.5599365234375,616.9599690510131,2548.4919799804684,4527.689672851562,2473.170928955078,4787.575280761716,estimate
2021-01-18,3106.2785110473633,3020.7357177734375,563.6840802695173,2355.624157714844,4148.26572265625,2273.1045532226562,4443.126928710934,estimate
2021-01-19,2842.451221862793,2764.7696533203125,501.6273371421678,2166.2102294921874,3792.858471679687,2093.0583251953126,3988.112097167968,estimate
2021-01-20,2603.573056213379,2535.1820068359375,451.4541801618144,1991.1662231445312,3477.1942871093747,1921.6474487304688,3619.2481323242173,estimate
2021-01-21,2375.754372009277,2313.050537109375,402.6175349987045,1826.6297607421875,3151.1919189453124,1743.2065856933593,3325.738653564452,estimate
2021-01-22,2164.683980834961,2119.72998046875,359.711052491257,1661.8945739746093,2840.7172119140623,1586.2940673828125,3011.2671508789062,estimate
2021-01-23,1969.8415926513671,1941.09326171875,325.481878848041,1496.3984191894533,2543.953344726562,1430.4294067382812,2738.158489990234,estimate
2021-01-24,1793.3203115234376,1766.4891967773438,303.0288970796219,1338.770037841797,2329.5428466796875,1273.4532257080077,2451.968707275388,estimate
2021-01-25,1629.2827513427735,1603.1761474609375,289.0274971668199,1202.1959533691406,2134.6422119140625,1137.2901123046875,2254.2530761718745,estimate
2021-01-26,1478.0762114562988,1450.7557983398438,285.0965182236326,1057.6531066894531,1984.3434692382812,989.0211303710937,2114.6319213867187,estimate
2021-01-27,1339.5306838989259,1307.8305053710938,287.7667692138807,916.7379608154297,1851.3542846679688,861.0945648193359,2000.492028808593,estimate
2021-01-28,1216.3940684509278,1175.5532836914062,297.92027920315536,795.6820526123047,1764.676885986328,750.1287628173827,1926.2772644042968,estimate
2021-01-29,1106.6633818206788,1059.3444213867188,314.7875296123298,684.5166809082032,1687.2987731933592,642.3249206542969,1879.8060485839824,estimate
2021-01-30,1012.3140874023437,951.0078735351562,336.4804884620901,594.1809143066406,1632.4537658691406,548.8122177124023,1855.5095794677734,forecast
2021-01-31,928.4656884765625,854.75830078125,360.59959979939356,512.1174697875977,1595.9749023437498,464.2318794250488,1834.5329284667969,forecast
2021-02-01,854.0879342346192,763.0857849121094,386.01635928393455,436.6986526489258,1576.901184082031,393.33547058105466,1825.9130462646472,forecast
2021-02-02,788.1842742919922,686.4738464355469,412.5250241150231,373.4056167602539,1545.2803833007813,336.09035873413086,1814.4269805908189,forecast
2021-02-03,729.8344061126709,612.6850280761719,440.31410883939884,315.9986892700195,1522.146868896484,283.3960235595703,1833.1130065917919,forecast
2021-02-04,678.2151809997558,548.9001159667969,469.76590480420293,269.059765625,1482.5512451171874,238.95777282714843,1870.5483032226552,forecast
2021-02-05,632.6238257484436,490.0697784423828,501.43904975721694,230.3925910949707,1448.9704467773438,201.70449714660646,1919.0343048095692,forecast
2021-02-06,592.4208769340515,438.35252380371094,535.9015710609752,196.0233901977539,1422.9561889648437,168.0225486755371,1935.46304321289,forecast
2021-02-07,557.0729979057312,391.77967834472656,573.7991080349578,166.47653732299804,1405.4468688964844,140.8408271789551,1932.7716796874922,forecast
2021-02-08,526.083823343277,351.1537780761719,615.7921652512263,141.76604919433595,1389.0015624999996,118.36718273162842,1970.0884582519484,forecast
2021-02-09,499.05095487976075,313.78919982910156,662.629134528826,119.22988090515138,1371.1427795410154,98.20149154663086,1984.1546142578102,forecast
2021-02-10,475.6299253635406,282.85780334472656,715.0565318445049,101.72526168823242,1351.707141113281,82.31254482269287,1975.1184875488261,forecast
2021-02-11,455.50154237556455,254.19126892089844,773.8236372610173,86.64091720581055,1337.2217102050781,68.8723087310791,1970.8079376220694,forecast
2021-02-12,438.4007611618042,228.2749252319336,839.7837779940588,73.67347984313965,1320.598516845703,57.93699760437012,1982.9270629882797,forecast
2021-02-13,424.11605004882813,205.232421875,913.7615621119305,62.93906574249268,1304.1867675781248,48.273560237884524,2008.679626464842,forecast
2021-02-14,412.4498085975647,184.88748168945312,996.6453728170801,53.251278495788576,1293.5477233886718,40.61135702133179,2039.030682373046,forecast
2021-02-15,403.23373559761046,165.98615264892578,1089.3145063548934,45.523452568054196,1280.862939453125,34.14873895645141,2069.8672058105467,forecast
2021-02-16,396.3516784887314,148.60717010498047,1192.7173867304923,38.22868309020996,1275.6799011230466,28.544070959091187,2102.6931335449217,forecast
2021-02-17,391.6633670196533,133.23239135742188,1307.7438982533965,32.434240913391115,1257.678332519531,23.828482723236082,2141.051757812499,forecast
2021-02-18,389.1039222044945,120.17505264282227,1435.3506128768263,27.475330543518066,1256.0021362304688,20.051010847091675,2179.2921081542945,forecast
2021-02-19,388.56713998794555,108.0801887512207,1576.397665615606,23.328550529479983,1232.577618408203,16.78844051361084,2218.3005065917932,forecast
2021-02-20,390.0040384230614,97.36331558227539,1731.728239616242,19.702391052246096,1221.0456420898436,14.174529290199281,2270.745507812497,forecast
2021-02-21,393.35144662046434,87.73660278320312,1902.0725179102876,16.576711654663086,1206.1918762207024,11.981060934066774,2328.876428222655,forecast
2021-02-22,398.5540673377514,78.8623161315918,2088.0269383050013,13.971165466308594,1187.7078613281242,10.027392840385437,2388.2352844238276,forecast
2021-02-23,405.5586041971445,70.41144180297852,2289.99765086941,11.863758563995361,1173.8461303710928,8.498997569084167,2442.0976806640615,forecast
2021-02-24,414.3218931349516,62.9721565246582,2508.1652843281586,9.972515201568605,1160.7315856933587,7.219099009037018,2494.332470703123,forecast
2021-02-25,424.7620184668302,56.39764404296875,2742.357762669968,8.483661127090453,1147.9628112792961,6.015057909488678,2547.4887512206997,forecast
