,deaths_mean,deaths_median,deaths_Std,low_ci_05,high_ci_95,low_ci_025,high_ci_975,type
2020-03-06,0.12731892609695206,0.09257160499691963,0.11578921457507385,0.012255622446537018,0.3660500779747962,0.007860073435585946,0.4427464179694649,estimate
2020-03-07,0.10949867562728469,0.08340318128466606,0.09040898510252884,0.017244665417820215,0.29330731481313704,0.012014715187251567,0.3552699707448481,estimate
2020-03-08,0.09713803729577922,0.0769256092607975,0.07176430045590224,0.020716023538261654,0.24095241501927372,0.014613718795590102,0.2878104239702225,estimate
2020-03-09,0.08992605433589779,0.07497302815318108,0.058471287194863095,0.02342019258067012,0.20584829971194268,0.017710886104032396,0.24186437129974356,estimate
2020-03-10,0.08770489442627877,0.07603584229946136,0.049649610992054255,0.027291755005717278,0.1869535535573959,0.022121568443253636,0.2145434472709891,estimate
2020-03-11,0.09063947700196877,0.08176296204328537,0.04470756502940972,0.032914105057716365,0.17997667416930194,0.027322536800056696,0.20448037423193444,estimate
2020-03-12,0.09930263680638746,0.09191489219665527,0.04318801698252589,0.04126270953565836,0.18396103680133818,0.03492062762379646,0.20589383766055103,estimate
2020-03-13,0.11478096990007908,0.10887740179896355,0.044698457204955515,0.05349097289144993,0.2001002788543701,0.04761152453720569,0.22645234800875153,estimate
2020-03-14,0.13869829058274627,0.13294679671525955,0.048944266330096194,0.07146234773099422,0.23095034435391426,0.06327109206467867,0.25387152060866336,estimate
2020-03-15,0.17308789901062846,0.16637935489416122,0.05586096100814339,0.09395020827651024,0.277187192440033,0.08576752971857786,0.3043162077665326,estimate
2020-03-16,0.22033637510985135,0.21370812505483627,0.06565903626311649,0.12772070318460463,0.3428858011960983,0.11530339028686286,0.3745989583432672,estimate
2020-03-17,0.28329748261347415,0.2743738889694214,0.07863441520210274,0.17097703069448472,0.4278495922684669,0.15650127045810225,0.46178269162774077,estimate
2020-03-18,0.36519089540094135,0.35597385466098785,0.09499298046242526,0.22791514694690707,0.5389882296323776,0.2077578630298376,0.5778622701764107,estimate
2020-03-19,0.4694262006506324,0.45564521849155426,0.11480628599200517,0.30119525194168095,0.6777715384960175,0.281136991083622,0.728630684316158,estimate
2020-03-20,0.5993110278248787,0.5864800810813904,0.13813292855958612,0.39551303088665013,0.8472377210855484,0.36738806813955305,0.9022664025425905,estimate
2020-03-21,0.757578490614891,0.7424109876155853,0.16483946015819645,0.5159963518381119,1.0476566195487975,0.47767436727881435,1.1177225977182383,estimate
2020-03-22,0.9466750705838204,0.9299847483634949,0.19448628972582424,0.6599526673555375,1.2829016149044037,0.6113254457712173,1.3748510807752607,estimate
2020-03-23,1.1684753863215447,1.153573751449585,0.22644263051378571,0.8253095924854279,1.5494462311267851,0.7691656649112701,1.6385086387395855,estimate
2020-03-24,1.4233654552996158,1.4075389504432678,0.25982833925246607,1.0203838407993318,1.8710877418518066,0.9537459596991539,1.9772979229688636,estimate
2020-03-25,1.7097541420459748,1.6951638460159302,0.2935116956921826,1.2445223629474642,2.220843327045441,1.1820789754390717,2.3191239058971402,estimate
2020-03-26,2.0239116204977035,2.0124778747558594,0.3260774743434427,1.5105998158454896,2.5821761965751646,1.4220877200365067,2.698213744163513,estimate
2020-03-27,2.3590934180617333,2.34581983089447,0.35617761593842107,1.7906661331653595,2.9475889205932617,1.701911199092865,3.0935719609260555,estimate
2020-03-28,2.704653739333153,2.695434808731079,0.3830101091623916,2.1019658923149107,3.344203960895538,2.0001597940921783,3.4771234214305875,estimate
2020-03-29,3.046249138057232,3.0350801944732666,0.40606566569337427,2.395701026916504,3.739111232757568,2.3060611069202426,3.87055013179779,estimate
2020-03-30,3.36726497232914,3.3435869216918945,0.4257196711870195,2.688206195831299,4.089595460891724,2.6049657583236696,4.263427615165709,estimate
2020-03-31,3.6517786217927934,3.6241466999053955,0.4429397388809559,2.942537319660187,4.401829028129577,2.858329063653946,4.588043105602263,estimate
2020-04-01,3.8869609664678575,3.8701770305633545,0.45781947244026117,3.1565566301345824,4.660766053199768,3.0732000708580016,4.84216034412384,estimate
2020-04-02,4.064191496133804,4.042266130447388,0.4694832183244375,3.329287815093994,4.8637396574020375,3.2325836777687074,5.0375919938087454,estimate
2020-04-03,4.179518028974533,4.155457973480225,0.4768399595385798,3.4380857944488525,4.991560578346252,3.320738083124161,5.17778285741806,estimate
2020-04-04,4.2337661969661715,4.211680889129639,0.47927081850257314,3.47540123462677,5.074044275283813,3.3772796630859374,5.225323617458343,estimate
2020-04-05,4.231622339487076,4.2046520709991455,0.47693441314591023,3.4706363677978516,5.047300457954407,3.3863705217838285,5.2317390680313105,estimate
2020-04-06,4.1802977720499035,4.156314373016357,0.470482208072168,3.442232441902161,4.998434758186341,3.3349110901355745,5.173677527904511,estimate
2020-04-07,4.088431743621826,4.072643041610718,0.46088590089992715,3.362355041503906,4.883094954490661,3.2593996047973635,5.040229022502898,estimate
2020-04-08,3.9651516522169112,3.9513744115829468,0.4494872660512286,3.2471787571907047,4.7351555109024055,3.143198847770691,4.886077904701232,estimate
2020-04-09,3.8195257983207704,3.797764301300049,0.4375531584737183,3.1311668753623962,4.571906042098999,3.0300467371940614,4.720159256458282,estimate
2020-04-10,3.6601513978242872,3.6438909769058228,0.4260083889895246,2.983083641529083,4.391396975517273,2.887461590766907,4.549492740631104,estimate
2020-04-11,3.494939274311066,3.4793543815612793,0.4153484611530444,2.8532605290412905,4.194143557548522,2.7537900805473328,4.376162815093994,estimate
2020-04-12,3.3310309678316115,3.314341425895691,0.4056891973132639,2.716683292388916,4.032085680961608,2.6193781077861784,4.215786981582641,estimate
2020-04-13,3.1749677480459213,3.1588494777679443,0.39706545103346896,2.582612347602844,3.875413393974304,2.4925359964370726,4.033860540390014,estimate
2020-04-14,3.032779279232025,3.012160897254944,0.38952170812378806,2.445033407211304,3.724086058139801,2.3514149844646455,3.8650476694107057,estimate
2020-04-15,2.909936124444008,2.887113928794861,0.3831254076662416,2.330904185771942,3.5901237964630126,2.2415636122226714,3.7200850963592527,estimate
2020-04-16,2.811409061849117,2.787444591522217,0.37812991783117533,2.2354270815849304,3.4805558562278747,2.148472213745117,3.6218052744865408,estimate
2020-04-17,2.7416798568964005,2.7202951908111572,0.37475668943910917,2.1758410930633545,3.400837171077728,2.0822618544101714,3.5480983078479764,estimate
2020-04-18,2.704529279053211,2.681405186653137,0.3729665531318172,2.1390952110290526,3.3582992911338803,2.046986776590347,3.5038037896156307,estimate
2020-04-19,2.7025119358301164,2.6786078214645386,0.37302152520415266,2.1374711394309998,3.3553871273994442,2.047972309589386,3.522563636302948,estimate
2020-04-20,2.736751049041748,2.7094814777374268,0.3755750445969777,2.181510603427887,3.393163740634918,2.0798840522766113,3.583461904525756,estimate
2020-04-21,2.807220725417137,2.7820372581481934,0.381475399140581,2.246770513057709,3.4811007261276243,2.1224468052387238,3.661443328857422,estimate
2020-04-22,2.9131437792778017,2.88167941570282,0.39178147021939647,2.3299070715904233,3.596988022327423,2.2074912548065186,3.754978907108307,estimate
2020-04-23,3.0525428839325905,3.026304244995117,0.4072445430144895,2.438188362121582,3.7552487134933474,2.3378926217556,3.8892870724201196,estimate
2020-04-24,3.2215957008600236,3.1993249654769897,0.4278387841253496,2.5660819888114927,3.9396262884140016,2.495000869035721,4.092578673362731,estimate
2020-04-25,3.415122151494026,3.3839211463928223,0.45221900752713423,2.7200115084648133,4.1817738771438595,2.6455138862133025,4.343692779541014,estimate
2020-04-26,3.626925226330757,3.5937284231185913,0.47832243672996944,2.910667383670807,4.453369569778442,2.804717409610748,4.656456768512724,estimate
2020-04-27,3.8499623913764953,3.8165732622146606,0.5038489006345518,3.0881055712699887,4.727029609680176,2.979104107618332,4.938592910766601,estimate
2020-04-28,4.076666746854782,4.035010099411011,0.5266606854972418,3.2759416937828063,4.98090090751648,3.1448243975639345,5.279747521877289,estimate
2020-04-29,4.299409992694855,4.263028621673584,0.5457211393250997,3.4529489040374757,5.2341667175292965,3.323190152645111,5.518464505672453,estimate
2020-04-30,4.511049430370331,4.484332084655762,0.5610096615198596,3.6215916514396667,5.4566406249999995,3.4978075861930846,5.750467991828918,estimate
2020-05-01,4.705383640170098,4.6778724193573,0.5732931218094007,3.8172282099723813,5.679875612258911,3.6478296875953675,5.912756550312042,estimate
2020-05-02,4.877280715584755,4.859494209289551,0.583295718868462,3.963871920108795,5.874637198448181,3.7977058351039887,6.066253805160522,estimate
2020-05-03,5.022813107132912,5.0068957805633545,0.5911661353043223,4.098537898063659,6.0397926568984985,3.9353620588779448,6.28311502933502,estimate
2020-05-04,5.1394229613542555,5.127714157104492,0.5969097722003267,4.210425281524659,6.174073719978333,4.046049690246582,6.3886263251304625,estimate
2020-05-05,5.226107146143914,5.216531991958618,0.6007205309883863,4.288332891464234,6.25064685344696,4.120241725444793,6.437282276153562,estimate
2020-05-06,5.283576362490654,5.262085676193237,0.60279286203767,4.336722159385681,6.295923733711242,4.158268737792969,6.525668513774869,estimate
2020-05-07,5.314204086303711,5.284174680709839,0.6033773392002065,4.379155778884887,6.326745271682739,4.190166449546814,6.529986989498136,estimate
2020-05-08,5.322259955406189,5.292441368103027,0.6031129105802282,4.386868691444397,6.341445851325989,4.214048886299134,6.576215922832487,estimate
2020-05-09,5.313527575969696,5.28786563873291,0.6031479618187053,4.361202216148377,6.354278492927551,4.227496063709259,6.555060923099517,estimate
2020-05-10,5.294832040309906,5.27238392829895,0.604519370887458,4.344722747802734,6.358455419540405,4.209034061431885,6.576310551166534,estimate
2020-05-11,5.2739659507274625,5.254549741744995,0.6073841840515707,4.332611536979675,6.32052001953125,4.203046703338623,6.592540991306304,estimate
2020-05-12,5.259424840569496,5.227065324783325,0.6113490414861765,4.314063000679016,6.340370631217956,4.173258674144744,6.593208396434783,estimate
2020-05-13,5.259701195478439,5.220493793487549,0.6163401291453443,4.306178689002991,6.355174922943116,4.174048364162445,6.60974280834198,estimate
2020-05-14,5.282895116209984,5.246233701705933,0.6231712092620906,4.325210690498352,6.412260603904723,4.179705691337586,6.632688641548157,estimate
2020-05-15,5.336470544934273,5.291064500808716,0.6328261717610105,4.384659719467163,6.490176701545715,4.227517437934876,6.727239561080933,estimate
2020-05-16,5.427277332425118,5.393973350524902,0.645294946923373,4.432098627090454,6.588777947425841,4.2993941545486445,6.860451674461364,estimate
2020-05-17,5.560421858906746,5.530933141708374,0.6598844669599151,4.551449179649353,6.742789554595947,4.416073596477508,7.058388507366178,estimate
2020-05-18,5.738986047506333,5.707579851150513,0.6760960306868085,4.723963403701782,6.926363015174865,4.571796011924744,7.2408794283866875,estimate
2020-05-19,5.9635298855304715,5.915359020233154,0.6945593519969434,4.92656683921814,7.182677245140076,4.7711140513420105,7.500124430656433,estimate
2020-05-20,6.232773004770279,6.184937000274658,0.7161591350242169,5.167517948150635,7.4859607219696045,4.996273076534272,7.8083562493324274,estimate
2020-05-21,6.543800844907761,6.501019239425659,0.7418711233830967,5.410685968399048,7.846017956733704,5.256470847129822,8.162632012367247,estimate
2020-05-22,6.8915362286567685,6.839349746704102,0.772124087933864,5.72966799736023,8.254794120788574,5.543600964546203,8.591024351119994,estimate
2020-05-23,7.268527503490448,7.209430456161499,0.8054898091453627,6.048504495620728,8.699703931808472,5.877854430675507,8.975172185897826,estimate
2020-05-24,7.665620884418487,7.6054675579071045,0.8397755425375415,6.380158805847167,9.12882170677185,6.176865220069885,9.4483065366745,estimate
2020-05-25,8.07244029688835,8.024428844451904,0.8730830413601937,6.733371829986572,9.577944803237916,6.529392194747925,9.89622187614441,estimate
2020-05-26,8.477081995010376,8.437525272369385,0.9036558101343003,7.0624384641647335,10.017260694503785,6.863104617595672,10.337654137611386,estimate
2020-05-27,8.867709891319276,8.811861991882324,0.9306997320267196,7.398773574829101,10.453403520584105,7.179594016075134,10.789261102676392,estimate
2020-05-28,9.234211948394776,9.18445634841919,0.9540270446605597,7.7696784973144535,10.880065393447875,7.509548985958099,11.220835423469541,estimate
2020-05-29,9.56787315106392,9.503870010375977,0.9748968005415055,8.061547803878785,11.277880334854126,7.817782056331635,11.55741572380066,estimate
2020-05-30,9.862394118070602,9.790785312652588,0.9953154709582898,8.345215320587158,11.599146938323976,8.094338417053223,12.005053830146787,estimate
2020-05-31,10.116942563295364,10.046607971191406,1.0162892380609012,8.575128889083864,11.862053728103637,8.347713303565978,12.390875768661498,estimate
2020-06-01,10.337551585197449,10.257843017578125,1.0384129121803949,8.753515100479126,12.114244842529297,8.51652569770813,12.606283020973201,estimate
2020-06-02,10.534489092350006,10.48121166229248,1.0616056502720879,8.933090782165527,12.385725259780882,8.717608308792116,12.853869318962094,estimate
2020-06-03,10.721354220151902,10.661632537841797,1.085053080304259,9.112575483322143,12.608627843856812,8.838110947608948,13.071748590469358,estimate
2020-06-04,10.915190930366515,10.857728004455566,1.1076771470145623,9.23936071395874,12.826797485351562,8.946716809272765,13.290322685241698,estimate
2020-06-05,11.134969642877579,11.062646389007568,1.1295420635018456,9.399441242218018,13.102563858032227,9.131939744949342,13.56461317539215,estimate
2020-06-06,11.400202550649643,11.351180076599121,1.153265278159123,9.608673810958862,13.358370637893676,9.302864694595337,13.835632586479186,estimate
2020-06-07,11.731599663734436,11.67388916015625,1.1827582958222507,9.86483745574951,13.760908269882203,9.58961751461029,14.20983984470367,estimate
2020-06-08,12.150210551261901,12.073346138000488,1.221719750981251,10.269272994995116,14.18856315612793,9.969028282165528,14.690810537338251,estimate
2020-06-09,12.674063841342926,12.606889724731445,1.2739783628166976,10.7354257106781,14.805427980422973,10.374247789382935,15.330809116363525,estimate
2020-06-10,13.31716163778305,13.201958179473877,1.3419176547837754,11.309221935272216,15.664156341552735,10.946003365516663,16.13255372047424,estimate
2020-06-11,14.089781589984893,13.970602035522461,1.424745012580995,11.946208000183105,16.578288269042968,11.5948801279068,17.207858657836912,estimate
2020-06-12,14.996427556037903,14.872063159942627,1.5204049367925885,12.700029611587524,17.690939235687257,12.327207279205323,18.305117750167845,estimate
2020-06-13,16.037660203933715,15.90099811553955,1.6254968646699506,13.606190919876099,18.892096424102782,13.170014023780823,19.578054952621457,estimate
2020-06-14,17.210942523956298,17.09078598022461,1.7385710662252911,14.6248055934906,20.244788360595702,14.157000875473022,21.006724500656127,estimate
2020-06-15,18.512052511692048,18.429505348205566,1.8597742228033964,15.730107021331788,21.68091974258423,15.217425775527955,22.468715095520018,estimate
2020-06-16,19.93767771577835,19.861974716186523,1.9880479348269011,16.937761878967287,23.368639850616454,16.45099620819092,23.988621616363524,estimate
2020-06-17,21.481275684833527,21.42656421661377,2.12052042571736,18.266066932678225,25.09312877655029,17.686475038528442,25.83275837898254,estimate
2020-06-18,23.129525944709776,23.05152702331543,2.2551190572511333,19.685447406768798,26.981116104125974,19.08346152305603,27.622993755340577,estimate
2020-06-19,24.862832913398744,24.75969123840332,2.3942141914759025,21.184205055236816,29.008121013641357,20.60220594406128,29.681781196594237,estimate
2020-06-20,26.65434655761719,26.581789016723633,2.538670983048572,22.746026039123535,31.06320638656616,22.104225969314577,31.79194526672363,estimate
2020-06-21,28.472528059959412,28.376830101013184,2.685513063464553,24.35712537765503,33.13162479400634,23.66529459953308,33.993203449249265,estimate
2020-06-22,30.28561590576172,30.144518852233887,2.830627241533811,25.92012138366699,35.17075958251953,25.230173540115356,36.098941135406484,estimate
2020-06-23,32.05887961864472,31.882437705993652,2.970455923641675,27.48932304382324,37.28679618835449,26.77946529388428,38.31303701400756,estimate
2020-06-24,33.76280452919006,33.521867752075195,3.104098785347684,28.956842708587647,39.0742603302002,28.256904125213623,40.24938650131226,estimate
2020-06-25,35.37936009502411,35.196298599243164,3.2413857065274283,30.385152912139894,41.02452507019043,29.388178157806394,41.949825000762935,estimate
2020-06-26,36.89914034843445,36.77486038208008,3.394435279319734,31.58095121383667,42.64567985534668,30.793707084655765,43.78357849121094,estimate
2020-06-27,38.32689358520508,38.14105033874512,3.5653979121595616,32.651977729797366,44.35597591400146,31.971689462661743,45.7178900718689,estimate
2020-06-28,39.683747940063476,39.47113800048828,3.7454623171661,33.82172813415527,46.26276988983154,32.88869905471802,47.45610466003418,estimate
2020-06-29,41.01106521320343,40.80301094055176,3.921947400762357,35.01294498443604,47.97661666870117,33.86042461395264,49.04061088562011,estimate
2020-06-30,42.37508023452759,42.12550735473633,4.090224943760928,36.00841655731201,49.53667221069336,34.89513521194458,50.88265962600706,estimate
2020-07-01,43.85551500606537,43.541378021240234,4.255881382729838,37.350785636901854,51.19026470184326,36.163112545013426,52.749014568328846,estimate
2020-07-02,45.52971162223816,45.2359619140625,4.428063452361171,38.648551559448244,53.18760395050049,37.42602558135986,54.63654251098631,estimate
2020-07-03,47.45971767807007,47.189165115356445,4.617953066285441,40.26582107543945,55.35773849487305,39.12844114303589,56.89752750396728,estimate
2020-07-04,49.691455907821656,49.47532844543457,4.834704337879985,42.10606937408448,57.772647094726565,40.85623388290405,59.69105672836303,estimate
2020-07-05,52.258780752182005,52.06055450439453,5.081934307190789,44.24278221130371,60.97192687988281,43.063869857788085,62.859390258789055,estimate
2020-07-06,55.18214743423462,55.023386001586914,5.360278977259197,46.920922470092776,64.4265151977539,45.30152378082275,66.63477725982665,estimate
2020-07-07,58.46322680091858,58.20464515686035,5.6750976317580175,49.67568740844727,68.05665130615235,48.159564304351804,70.51319103240967,estimate
2020-07-08,62.085823177337645,61.87095069885254,6.023597073007132,52.80662536621094,72.17474708557128,51.32256145477295,74.76553459167481,estimate
2020-07-09,66.01809769439697,65.58348846435547,6.386737104058095,56.18881912231445,76.96528968811035,54.6487717628479,79.45573558807371,estimate
2020-07-10,70.21943451881408,69.81581497192383,6.749644113373554,59.70262069702149,81.87528572082519,58.06126222610474,84.36340198516845,estimate
2020-07-11,74.64282580947877,74.2437515258789,7.111570288288638,63.29805431365967,86.95999794006349,61.702724075317384,89.44577159881591,estimate
2020-07-12,79.23937734985351,79.01803970336914,7.476481185814437,67.22268180847168,92.11955299377442,65.50076351165772,94.96615352630614,estimate
2020-07-13,83.95327975463867,83.5998764038086,7.8457222098092165,71.46957244873047,97.44263763427733,69.70443553924561,100.57565116882324,estimate
2020-07-14,88.7176603012085,88.48731231689453,8.21727476879621,75.63666343688965,103.1426315307617,73.87927341461182,105.8937511444091,estimate
2020-07-15,93.46605276489258,93.1362533569336,8.581268449772866,80.01927642822265,107.84928169250489,77.74918670654296,111.78797760009765,estimate
2020-07-16,98.12054886245727,97.84110641479492,8.923730960371547,84.3724464416504,113.34643440246582,82.24509716033936,116.31204147338863,estimate
2020-07-17,102.58070755004883,102.13446807861328,9.231916951032092,88.32028884887696,118.28162460327148,86.0539125442505,120.96376399993895,estimate
2020-07-18,106.74126684570312,106.13912963867188,9.503334869826226,92.16207809448242,122.66824073791503,89.98665790557861,125.86347579956055,estimate
2020-07-19,110.502203540802,109.9277458190918,9.741310428143988,95.3951229095459,127.14569358825683,93.32483406066895,130.53147201538084,estimate
2020-07-20,113.77264184570312,113.16703414916992,9.947576197597154,98.95760459899903,131.02631301879882,95.82990684509276,134.67045211791992,estimate
2020-07-21,116.4802825050354,115.94559478759766,10.132117345491167,101.08421516418457,134.50980682373046,98.78421649932861,138.17174568176267,estimate
2020-07-22,118.59473128890991,118.16920852661133,10.298379413219502,102.72530746459961,136.62751541137695,100.58401393890381,140.43689537048334,estimate
2020-07-23,120.12268481826783,119.58293914794922,10.43289461115262,103.97780151367188,138.27475204467774,102.17035121917725,141.70979385375972,estimate
2020-07-24,121.08958863067627,120.56654739379883,10.515810965768672,104.90335578918457,139.0408004760742,102.72898559570312,143.6313339233398,estimate
2020-07-25,121.52781563568115,120.97919845581055,10.528127749442772,104.84111099243165,140.05704498291016,103.04904899597169,144.75693931579588,estimate
2020-07-26,121.4708804359436,121.09475326538086,10.461266712363354,105.02823219299317,139.62069931030274,102.72835235595703,144.04417228698728,estimate
2020-07-27,120.94321858215332,120.3332633972168,10.3230816812233,104.65887451171875,138.62883224487305,102.53124008178712,143.75252685546874,estimate
2020-07-28,119.95283935546875,119.25804138183594,10.129429938659621,104.4077766418457,137.64315338134764,101.88859348297119,141.6007221221924,estimate
2020-07-29,118.50321417236329,118.0435562133789,9.906278187292681,103.21009483337401,135.6490577697754,100.89804992675782,139.49407005310053,estimate
2020-07-30,116.61488401031494,116.4055061340332,9.679985820247921,101.87498664855957,133.3967086791992,99.58243865966797,136.79778175354005,estimate
2020-07-31,114.33011843109131,113.87960815429688,9.459714226180717,99.88438186645507,130.52318954467773,97.38142433166504,133.78132514953612,estimate
2020-08-01,111.70468376159668,111.29327392578125,9.242822071400635,97.35351676940917,127.59371681213378,95.0729923248291,130.72017974853514,estimate
2020-08-02,108.8000680923462,108.52469253540039,9.023826121687668,94.59595184326172,124.08667259216308,92.32557754516601,126.94990882873535,estimate
2020-08-03,105.68629666900635,105.34303665161133,8.800717867672763,92.11917839050294,120.50013694763183,89.76436824798584,123.77865505218506,estimate
2020-08-04,102.45174383544922,102.1638412475586,8.580910932816252,88.99338073730469,116.94504508972169,87.27685585021972,120.16096115112305,estimate
2020-08-05,99.19817123031616,98.85189437866211,8.371502461536188,86.17305564880371,113.28287925720215,84.49412384033204,116.76194286346436,estimate
2020-08-06,96.03247490310669,95.59511184692383,8.173214118509575,83.41702156066896,110.0930923461914,81.54324588775634,112.73231983184813,estimate
2020-08-07,93.05185514831543,92.70490264892578,7.988007099268139,80.61219215393066,106.5802791595459,78.43663444519044,109.00139961242675,estimate
2020-08-08,90.3349103050232,90.02146911621094,7.816138381065496,77.97186355590821,103.32119598388671,75.52526454925537,106.35083408355713,estimate
2020-08-09,87.94454446792602,87.71719741821289,7.649573159162759,75.76140823364258,100.61979179382324,73.45601348876953,103.55424423217774,estimate
2020-08-10,85.91923550796508,85.84168243408203,7.480470694767173,73.7410129547119,98.65318031311035,71.56965236663818,100.93946838378905,estimate
2020-08-11,84.26046101951599,84.24878311157227,7.305983505475906,72.3840316772461,96.47608070373535,70.55453128814698,99.17743587493895,estimate
2020-08-12,82.9289806175232,82.96284103393555,7.127925194214193,71.50785331726074,94.78149337768554,69.40811614990234,97.1306966781616,estimate
2020-08-13,81.85182557487488,81.7457389831543,6.952357238814603,70.96917190551758,93.57953186035155,69.09289417266847,95.72681884765625,estimate
2020-08-14,80.93606171417237,80.7545394897461,6.786641992303433,70.10067138671874,92.2313949584961,68.7307596206665,94.69174709320068,estimate
2020-08-15,80.07414653968812,79.83071899414062,6.635439226530754,69.43506507873535,91.29043617248536,67.90492477416993,93.36058502197264,estimate
2020-08-16,79.15200050354004,78.78652572631836,6.503244567204575,68.94622459411622,90.0909381866455,66.81177368164063,92.47632312774657,estimate
2020-08-17,78.06975845909119,77.70366668701172,6.390965325770804,67.93391304016114,88.59924850463867,66.13247814178467,90.99161434173581,estimate
2020-08-18,76.75995918846131,76.54040908813477,6.2903859122365215,66.70176391601562,87.28852119445801,65.00416812896728,89.28780212402343,estimate
2020-08-19,75.18721897315979,75.02240371704102,6.188645347885181,65.40428657531739,85.7405647277832,63.24420766830444,87.58601722717285,estimate
2020-08-20,73.34663689994812,73.08115005493164,6.074139264672205,63.78947505950928,83.7849952697754,61.89679737091065,85.59972915649412,estimate
2020-08-21,71.26578420066834,70.88916397094727,5.93667875394458,62.08414306640625,81.51077194213867,60.117611503601076,83.2412919998169,estimate
2020-08-22,68.99601720237732,68.6315689086914,5.7726494101603905,60.164564514160155,79.02307624816893,58.10814647674561,80.814866065979,estimate
2020-08-23,66.59948780441285,66.33522033691406,5.5887661203553956,57.92434883117676,76.53454055786132,56.434651660919194,78.19264602661133,estimate
2020-08-24,64.13957005310058,63.82379341125488,5.3951348848013225,55.89570350646972,73.71736946105956,54.56166620254517,75.48547821044922,estimate
2020-08-25,61.67277836418152,61.28753471374512,5.196040211248525,53.81906147003174,70.89632835388184,52.57511339187622,72.7566104888916,estimate
2020-08-26,59.24909113693237,58.95073318481445,4.995173317351824,51.799417686462405,68.16255950927734,50.490316009521486,69.95377407073974,estimate
2020-08-27,56.91090595817566,56.59360313415527,4.7955645732656285,49.81474590301514,65.46178131103515,48.371498870849614,67.22939109802246,estimate
2020-08-28,54.68726069259644,54.40204620361328,4.600099245052947,47.83583316802979,62.92621250152588,46.38749904632568,64.56945209503174,estimate
2020-08-29,52.5953132648468,52.31945610046387,4.414837723149879,46.014566612243655,60.359275054931636,44.658650398254395,62.06725206375122,estimate
2020-08-30,50.64023439979553,50.39213180541992,4.246629393301311,44.220556831359865,57.88401527404785,43.05608253479004,59.56946802139282,estimate
2020-08-31,48.8151576461792,48.6204833984375,4.096253988604447,42.49586639404297,55.7408525466919,41.57257471084595,57.40283813476562,estimate
2020-09-01,47.1087156124115,46.83222198486328,3.9600053375945956,41.02030601501465,53.79504051208496,39.82804746627808,55.39964523315429,estimate
2020-09-02,45.50920029640198,45.272010803222656,3.833730125253122,39.58058681488037,52.00064678192138,38.486691284179685,53.46605939865111,estimate
2020-09-03,44.00634427070618,43.70482635498047,3.7121437004767204,38.213495063781735,50.25967922210693,37.22604169845581,51.70013570785522,estimate
2020-09-04,42.59340389060974,42.35747146606445,3.593976097604316,36.96714324951172,48.6508529663086,36.168255710601805,50.00839977264404,estimate
2020-09-05,41.263991453170775,41.042829513549805,3.4820975278690214,35.844997024536134,47.03646125793457,34.95828571319581,48.33070316314697,estimate
2020-09-06,40.012006424903866,39.87161827087402,3.376717075658852,34.77665901184082,45.74213752746582,34.003873348236084,46.86229543685913,estimate
2020-09-07,38.8317219619751,38.69604682922363,3.2764880279888513,33.77903747558594,44.58128967285156,32.9043345451355,45.5208846092224,estimate
2020-09-08,37.71538125419617,37.53704261779785,3.180848705303034,32.872475433349614,43.372986793518066,31.908806419372556,44.38255052566528,estimate
2020-09-09,36.65281255245209,36.50940704345703,3.090509928127571,31.945068836212158,42.02086982727051,31.105432176589964,43.16786518096924,estimate
2020-09-10,35.633115878105166,35.53352737426758,3.0073911654020415,30.999018001556397,40.807715225219724,30.33981008529663,41.837712097167966,estimate
2020-09-11,34.648249621391294,34.47821617126465,2.9340729027985106,30.066007328033447,39.67390670776368,29.494120502471926,40.90469160079956,estimate
2020-09-12,33.69555137348175,33.58232116699219,2.8703074893365583,29.22304811477661,38.56063804626464,28.59756965637207,39.685619735717765,estimate
2020-09-13,32.77822003650665,32.63845252990723,2.8128203603416413,28.323835945129392,37.57703227996826,27.674233388900756,38.66212034225464,estimate
2020-09-14,31.90332237625122,31.75257396697998,2.759963538237089,27.559910392761232,36.63681087493896,26.87711491584778,37.66504230499267,estimate
2020-09-15,31.07676841068268,30.970818519592285,2.7127300526762044,26.888408088684084,35.7768632888794,26.090068626403806,36.79479532241821,estimate
2020-09-16,30.302989417076112,30.217907905578613,2.670824730233794,26.139737033843993,35.06839485168457,25.565608882904055,35.997877693176264,estimate
2020-09-17,29.58500018978119,29.48647117614746,2.6324724875688768,25.495453929901124,34.11552696228027,24.889859724044797,35.25500755310058,estimate
2020-09-18,28.926012061119078,28.837491989135742,2.59684381400209,24.867857646942138,33.33341732025146,24.290651082992554,34.63132619857788,estimate
2020-09-19,28.330666061401367,28.19940948486328,2.564599930898821,24.284715461730958,32.73007087707519,23.64037051200867,33.92257270812988,estimate
2020-09-20,27.805064764022827,27.629666328430176,2.5397726892409493,23.838594532012937,32.07196884155274,23.17971181869507,33.168039035797115,estimate
2020-09-21,27.35671937274933,27.2209415435791,2.5264509665634423,23.368874359130857,31.692047691345213,22.697371006011963,32.59116153717041,estimate
2020-09-22,26.99169471359253,26.8817720413208,2.52473360800799,23.052046585083005,31.34851884841919,22.316507911682127,32.08801584243774,estimate
2020-09-23,26.71426683330536,26.62844467163086,2.530320581753807,22.759495544433594,30.96032848358154,22.081401205062868,31.859825372695923,estimate
2020-09-24,26.527942646026613,26.421142578125,2.5356144723282212,22.570374298095704,30.790500831604003,21.955801916122436,31.767510175704953,estimate
2020-09-25,26.432943723678587,26.369441986083984,2.5352446485539444,22.47834062576294,30.844074630737303,21.790328216552737,31.72515869140625,estimate
2020-09-26,26.42840637779236,26.36525249481201,2.5287671023825955,22.46805820465088,30.80637264251709,21.81357989311218,31.621105289459226,estimate
2020-09-27,26.512744389533996,26.444052696228027,2.5194232076059544,22.462780666351318,30.88749132156372,21.91124701499939,31.664007902145386,estimate
2020-09-28,26.679898136138917,26.612340927124023,2.511998941330103,22.61111621856689,30.96314058303833,21.982198858261107,31.721654272079466,estimate
2020-09-29,26.915772634506226,26.89279079437256,2.510281256971757,22.858537673950195,31.123974704742427,22.22578091621399,31.84896111488342,estimate
2020-09-30,27.200243248939515,27.205801963806152,2.516947753005222,23.18720703125,31.419902896881105,22.487639808654787,32.382047080993644,estimate
2020-10-01,27.511122671127318,27.504898071289062,2.53172882940272,23.580918407440183,31.74585657119751,22.673641061782835,32.574669933319086,estimate
2020-10-02,27.82336685180664,27.77699375152588,2.551212899410253,23.89772710800171,32.15308170318603,23.076856565475463,32.92617082595825,estimate
2020-10-03,28.110218943595886,28.01166343688965,2.571923750127543,24.14597854614258,32.54995956420898,23.411501359939574,33.29278879165649,estimate
2020-10-04,28.34979208946228,28.208712577819824,2.592535369364509,24.29859161376953,32.875929450988764,23.71539831161499,33.73596429824829,estimate
2020-10-05,28.526628927230835,28.384374618530273,2.6132197886604116,24.41521167755127,33.161703491210936,23.80626358985901,34.026185131073,estimate
2020-10-06,28.630798513412476,28.422466278076172,2.6328661394957678,24.631612491607665,33.226440811157225,23.895008039474487,34.155011844635006,estimate
2020-10-07,28.66023919582367,28.40120792388916,2.648808880213056,24.627437114715576,33.24853935241699,24.0037121295929,34.27383451461791,estimate
2020-10-08,28.62067698955536,28.42665672302246,2.65956170615713,24.614423179626463,33.3494831085205,23.965914583206175,34.27307682037354,estimate
2020-10-09,28.521673498153685,28.291982650756836,2.6651200342188406,24.53144674301147,33.346674537658686,23.852420568466187,34.247161006927485,estimate
2020-10-10,28.37548096847534,28.102721214294434,2.6638231474373497,24.424201488494873,33.193738746643064,23.689542961120605,34.16162719726562,estimate
2020-10-11,28.198682838439943,27.921184539794922,2.6523297773600185,24.26291904449463,32.96217365264892,23.50430335998535,33.90691175460815,estimate
2020-10-12,28.008690635681152,27.76412010192871,2.6288871319294675,24.063070964813235,32.693299484252925,23.44795241355896,33.75858936309814,estimate
2020-10-13,27.821191637992857,27.604507446289062,2.594115028634455,23.94240779876709,32.31464862823486,23.28196883201599,33.520271587371816,estimate
2020-10-14,27.648548857688905,27.47742748260498,2.551423878809201,23.7677001953125,31.96088743209839,23.157829523086548,33.33106250762939,estimate
2020-10-15,27.496449155807497,27.37279987335205,2.507378892663945,23.597338771820066,31.766865730285645,23.019922542572022,33.05779609680176,estimate
2020-10-16,27.364762959480284,27.28983783721924,2.469182190408992,23.539813327789307,31.56855707168579,22.821483755111693,32.65526371002196,estimate
2020-10-17,27.25523493003845,27.195178031921387,2.441551284529785,23.400268173217775,31.411720085144044,22.72098550796509,32.40418720245361,estimate
2020-10-18,27.172308727264404,27.07203483581543,2.425802413123383,23.314120292663574,31.31756000518799,22.64986562728882,32.32833747863769,estimate
2020-10-19,27.121702626228334,27.03162956237793,2.4240227020230702,23.23906421661377,31.246777057647705,22.544207763671874,32.22320337295532,estimate
2020-10-20,27.10938898563385,26.992730140686035,2.436741889690429,23.231618881225586,31.079351902008057,22.568159770965575,32.09561014175415,estimate
2020-10-21,27.140443745613098,27.00483989715576,2.4603082705112795,23.366465282440185,31.181335353851317,22.57993903160095,32.2142930984497,estimate
2020-10-22,27.216622351646425,27.071664810180664,2.4899905934792024,23.42344741821289,31.337920379638675,22.650594472885132,32.313063812255855,estimate
2020-10-23,27.340828602790832,27.162205696105957,2.5237057684521935,23.449795532226563,31.59136543273926,22.755104827880857,32.404328155517575,estimate
2020-10-24,27.517587644577027,27.37419033050537,2.5587388501813257,23.506544303894046,31.908988761901856,22.928333806991578,32.70240535736084,estimate
2020-10-25,27.748399319648744,27.561888694763184,2.5915326458704957,23.677687644958496,32.1521499633789,23.10881543159485,33.143441772460925,estimate
2020-10-26,28.030871598243714,27.880642890930176,2.619170588559873,23.9727632522583,32.661041450500484,23.331189727783205,33.49853324890136,estimate
2020-10-27,28.358453441619872,28.232901573181152,2.640142845738443,24.303643226623535,32.925040054321286,23.63381748199463,33.910463333129876,estimate
2020-10-28,28.717846603393554,28.576268196105957,2.656325105910714,24.604988765716552,33.19980125427246,24.015962314605712,34.278927326202385,estimate
2020-10-29,29.089399775505065,28.9474458694458,2.67233335597191,24.977705860137938,33.717085075378414,24.29256114959717,34.62859344482421,estimate
2020-10-30,29.451180695533754,29.29642391204834,2.690385761554178,25.34571962356567,34.082785987854,24.613592529296874,34.96698074340819,estimate
2020-10-31,29.782948152542115,29.560270309448242,2.7067733877258373,25.655181407928467,34.4416841506958,25.06696801185608,35.47933073043823,estimate
2020-11-01,30.06781976032257,29.8516788482666,2.7166812662871918,25.931940746307376,34.67699718475342,25.27931728363037,35.947017669677706,estimate
2020-11-02,30.291870841026306,30.117000579833984,2.7189306955034382,26.141605091094974,34.87291488647461,25.60746641159058,36.57974767684936,estimate
2020-11-03,30.44483721446991,30.308128356933594,2.714970122747472,26.255798912048338,34.98580913543701,25.61074471473694,36.47927703857421,estimate
2020-11-04,30.522738428115844,30.400394439697266,2.7080505966079276,26.347032070159912,35.18984661102295,25.841071605682373,36.442363452911366,estimate
2020-11-05,30.52957179260254,30.40471076965332,2.7003229613336406,26.431763172149658,35.19392356872559,25.611416006088255,36.270234775543216,estimate
2020-11-06,30.474437921524046,30.3670597076416,2.696569054630962,26.325871086120603,35.11351089477539,25.552730178833006,36.15809688568115,estimate
2020-11-07,30.369573117256163,30.30717945098877,2.698174479485942,26.182556533813475,35.009904289245604,25.496029090881347,35.933674812316895,estimate
2020-11-08,30.2318116979599,30.195274353027344,2.7006099271235353,26.102521991729738,34.84123249053955,25.33873133659363,35.69548044204711,estimate
2020-11-09,30.077969245910644,30.019519805908203,2.699282892450442,25.9161283493042,34.675055694580074,25.1515830039978,35.593782901763916,estimate
2020-11-10,29.92158889579773,29.826269149780273,2.6925812586933913,25.729287338256835,34.59163074493408,24.903653955459593,35.502296638488765,estimate
2020-11-11,29.77514001941681,29.6904935836792,2.6828440572275647,25.618702602386474,34.415992736816406,24.685314273834226,35.22210454940796,estimate
2020-11-12,29.64772184562683,29.544893264770508,2.674210044961537,25.51173686981201,34.274800872802736,24.76617307662964,35.030601787567136,estimate
2020-11-13,29.547604252815248,29.382670402526855,2.6671354850940503,25.444939136505127,34.08477249145508,24.713182592391966,35.028899097442626,estimate
2020-11-14,29.48271553993225,29.33694839477539,2.6611578431283403,25.467402076721193,34.14254875183105,24.7993230342865,34.89170045852659,estimate
2020-11-15,29.456326998710633,29.32241916656494,2.6590205446347706,25.38109817504883,34.18546199798584,24.74317398071289,34.979351615905756,estimate
2020-11-16,29.468089166641235,29.313721656799316,2.661963970526974,25.399217796325683,34.20076923370361,24.726202869415282,34.886852931976314,estimate
2020-11-17,29.51322223854065,29.390348434448242,2.6671038066659336,25.338730812072754,34.14626541137695,24.77023844718933,35.09963455200195,estimate
2020-11-18,29.58654969882965,29.51029872894287,2.6719268527335456,25.387867546081544,34.238723564147946,24.850227117538452,35.02628087997436,estimate
2020-11-19,29.684418250083922,29.608460426330566,2.6798761636277173,25.448355865478515,34.27633857727051,24.90776801109314,35.25963411331176,estimate
2020-11-20,29.80412198448181,29.676651000976562,2.6949536885327965,25.65669059753418,34.341228294372556,24.92394986152649,35.458571624755855,estimate
2020-11-21,29.947053421974182,29.839984893798828,2.7181286243138705,25.708445167541505,34.631653213500975,24.985002183914183,35.44791650772094,estimate
2020-11-22,30.117563179016113,29.939045906066895,2.747162102493524,25.882351112365725,34.83130512237549,25.17229723930359,35.650815391540526,estimate
2020-11-23,30.320489950180054,30.140979766845703,2.7760131729604565,26.052782821655274,35.04624290466309,25.458417463302613,35.9278881072998,estimate
2020-11-24,30.560360533714295,30.366741180419922,2.799613992794794,26.272661399841308,35.20709571838378,25.60412425994873,36.250743770599364,estimate
2020-11-25,30.83898405647278,30.603897094726562,2.817690504962855,26.571432304382324,35.52439289093017,25.744905614852904,36.699496746063225,estimate
2020-11-26,31.15434068775177,30.939364433288574,2.8357097700373934,26.831790065765382,36.070174598693846,26.064876317977905,37.264700126647945,estimate
2020-11-27,31.50306172657013,31.28203773498535,2.860883406819557,27.05918092727661,36.49868392944336,26.373043823242185,37.46042499542235,estimate
2020-11-28,31.885598848342894,31.702653884887695,2.899008327730066,27.33066005706787,36.75273380279541,26.6679705619812,37.932416725158696,estimate
2020-11-29,32.30444849586487,32.08171844482422,2.953713793897419,27.689863204956055,37.30661716461182,27.025167989730836,38.35161066055298,estimate
2020-11-30,32.76397094631195,32.60213851928711,3.024041761242665,28.122381114959715,37.87850341796875,27.400579547882078,39.10937366485595,estimate
2020-12-01,33.27194236660004,33.050987243652344,3.102767455583102,28.543007469177244,38.48046722412109,27.793076515197754,39.79348106384277,estimate
2020-12-02,33.83965494537353,33.605546951293945,3.1839740139995487,29.00730037689209,39.208674049377436,28.178992938995364,40.62123069763184,estimate
2020-12-03,34.479356927871706,34.23902893066406,3.2647835353242662,29.448568248748778,39.80111255645752,28.665442657470702,41.7277720451355,estimate
2020-12-04,35.20188890266419,34.93452262878418,3.3452710810431214,29.990077114105226,40.65748958587646,29.262340354919434,42.47321014404295,estimate
2020-12-05,36.02201904392243,35.79970169067383,3.4282246668171124,30.74291706085205,41.78519077301026,29.87240810394287,43.57834692001342,estimate
2020-12-06,36.958022498130795,36.759212493896484,3.515733649985416,31.57095603942871,42.864963340759275,30.70036377906799,44.30370512008666,estimate
2020-12-07,38.03111545372009,37.85997009277344,3.608148631065037,32.452419471740725,44.247928047180174,31.52568221092224,45.53562726974486,estimate
2020-12-08,39.2641300907135,39.10071563720703,3.7063950403866546,33.595234107971194,45.59257926940918,32.36793689727783,46.92455015182495,estimate
2020-12-09,40.67367364406586,40.48040199279785,3.8186482968840236,34.71833877563476,47.295572662353514,33.52881698608399,48.305758571624736,estimate
2020-12-10,42.26648784160614,42.07510948181152,3.955607964323034,36.04987335205078,49.08084545135498,35.01296110153198,50.21474742889404,estimate
2020-12-11,44.03702140617371,43.77583312988281,4.120824122145736,37.71396751403808,51.182149696350095,36.412237834930416,52.57055377960205,estimate
2020-12-12,45.97487028312683,45.61650276184082,4.3065541744321125,39.38529682159424,53.54704475402831,38.07623682022095,55.1302222251892,estimate
2020-12-13,48.068266300201415,47.78765869140625,4.501690057007219,41.06708679199219,55.957410430908205,39.81779069900512,57.632633972167966,estimate
2020-12-14,50.3026496257782,50.014787673950195,4.702365069214554,42.96702270507813,58.49689083099365,41.74580087661743,60.49265642166137,estimate
2020-12-15,52.65620428466797,52.36782646179199,4.909829040554031,45.08507957458496,61.19418239593506,43.65067749023437,63.197440147399895,estimate
2020-12-16,55.09856665420532,54.86302947998047,5.125904404884299,47.27169132232666,64.0278091430664,45.76797103881836,66.305344581604,estimate
2020-12-17,57.599508728027345,57.37074279785156,5.348111119638905,49.34581317901611,66.73786926269531,47.787041950225834,68.77364330291748,estimate
2020-12-18,60.13072406196594,59.82966995239258,5.568868904213504,51.55358180999756,69.78822746276855,50.21954669952393,71.6802816390991,estimate
2020-12-19,62.67124907112122,62.39503860473633,5.7815527843056715,53.79213047027588,72.42747230529785,52.57241859436035,74.53614044189453,estimate
2020-12-20,65.20984774208068,64.93547058105469,5.986849108070176,56.24894847869873,75.62587051391601,54.58001089096069,77.4470239639282,estimate
2020-12-21,67.73338180351257,67.42610931396484,6.189876127203292,58.35219268798828,78.48951225280761,56.94033517837525,80.50670795440672,estimate
2020-12-22,70.22522441101074,69.90633010864258,6.392715013333478,60.835001945495605,81.47131576538085,58.53942251205444,83.57776889801023,estimate
2020-12-23,72.67389948272705,72.28772735595703,6.596204858151239,63.026411628723146,84.36655731201171,60.73669643402099,87.00714111328122,estimate
2020-12-24,75.06917071723937,74.54034423828125,6.803838717933662,65.0016372680664,87.16976432800293,63.25003528594971,90.08478336334228,estimate
2020-12-25,77.39659818649292,76.81252670288086,7.022731946970414,67.1550178527832,89.91149711608887,65.12399597167969,93.2800214767456,estimate
2020-12-26,79.63900728988648,79.03952026367188,7.2559907720300165,68.83828887939454,92.58441734313963,66.99214458465576,95.56619625091551,estimate
2020-12-27,81.77854469490052,81.25012588500977,7.4920559029180005,70.57774276733399,95.11300506591797,68.92607135772705,97.83344573974607,estimate
2020-12-28,83.79079575729371,83.23367691040039,7.706021776100968,72.1648536682129,97.5601245880127,70.64369144439696,99.85718975067138,estimate
2020-12-29,85.64482820129395,85.30034255981445,7.883104882397708,73.60430450439453,99.7455223083496,71.6742603302002,102.28653964996337,estimate
2020-12-30,87.30818799972535,86.8957290649414,8.019951641477617,74.89242935180664,101.47060317993164,72.8746374130249,104.35702533721921,estimate
2020-12-31,88.74832173919678,88.30763244628906,8.115302843717746,76.1941333770752,102.76935081481933,74.27185878753662,106.16296615600585,estimate
2021-01-01,89.93898764419556,89.6281852722168,8.171269992907895,77.6295555114746,103.9045566558838,75.21253509521483,107.03995780944824,estimate
2021-01-02,90.8468186416626,90.57852554321289,8.184194814310628,78.22924613952637,104.81878509521485,75.99029941558837,107.9484460830688,estimate
2021-01-03,91.41908814620972,91.0472297668457,8.146090397955591,79.02598190307617,105.19100570678711,76.47727451324462,108.5296257019043,estimate
2021-01-04,91.59696757888794,91.1511344909668,8.052236726538323,79.17802391052246,105.35341262817383,76.91677284240723,107.94634189605708,estimate
2021-01-05,91.3299243888855,90.86532592773438,7.902508312277502,79.2115161895752,105.00210037231444,77.3234561920166,107.37662754058837,estimate
2021-01-06,90.57936882019042,90.18810272216797,7.7023476857994275,78.61096343994141,103.95348281860352,76.97309665679931,105.9575870513916,estimate
2021-01-07,89.32747316741943,88.96095275878906,7.462728168815097,77.97561798095703,102.3307403564453,76.09667930603027,104.54713172912597,estimate
2021-01-08,87.57770533752442,87.18301010131836,7.193123130584733,76.54986419677735,99.95606727600097,74.65991039276122,102.48375339508056,estimate
2021-01-09,85.35086853027343,84.91085815429688,6.900794658157204,74.8922966003418,97.20527610778808,72.93268089294433,99.74795265197754,estimate
2021-01-10,82.6836379737854,82.26733016967773,6.5903777841983375,72.59603805541992,94.04418983459472,70.85675144195557,96.34208087921142,estimate
2021-01-11,79.62563856124878,79.2398910522461,6.2683361490803415,69.9150375366211,90.45744934082032,68.32955341339111,92.42978324890137,estimate
2021-01-12,76.23924890136719,75.93096160888672,5.942519904683805,66.95115356445312,86.28020095825195,65.55914325714112,88.6203145980835,estimate
2021-01-13,72.59352478981017,72.35078811645508,5.620687087140214,63.877772903442384,81.93551177978516,62.620957374572754,84.00617885589598,estimate
2021-01-14,68.75804220962524,68.59640502929688,5.3104757846129385,60.48999385833741,77.39995346069335,59.50224618911743,79.24910526275633,estimate
2021-01-15,64.80238493919373,64.62345504760742,5.019931077162137,56.97442474365235,73.2888916015625,56.07710914611816,74.77298679351807,estimate
2021-01-16,60.79408951377869,60.63706398010254,4.757909338071894,53.338325309753415,68.88620948791504,52.461083221435544,70.42768001556396,estimate
2021-01-17,56.79446123695374,56.63656234741211,4.533228645545121,49.90900211334229,64.60607566833497,48.81324520111084,66.0225715637207,estimate
2021-01-18,52.857897842407226,52.71945762634277,4.350974235702186,46.295639228820804,60.344178199768066,45.24210214614868,61.74011907577514,estimate
2021-01-19,49.030159902572635,48.85334777832031,4.209983890776663,42.69934158325195,56.30496559143066,41.71982345581055,57.823265552520745,estimate
2021-01-20,45.34740273857117,45.12761878967285,4.104055773571254,39.14564399719238,52.600142097473146,38.13900737762451,53.82480545043945,estimate
2021-01-21,41.835552877426146,41.62847137451172,4.024423442338977,35.726280212402344,48.760690689086914,34.6449833869934,50.29675703048706,estimate
2021-01-22,38.511791715621946,38.3261604309082,3.962504128761572,32.420051956176756,45.23792419433593,31.468894672393798,46.761331081390374,estimate
2021-01-23,35.386375668525694,35.22357940673828,3.9115119610613354,29.465761947631837,42.05023040771484,28.375813722610474,43.66545104980469,estimate
2021-01-24,32.463825387954714,32.18564033508301,3.8664581004324052,26.686345386505128,39.046187019348146,25.463465881347656,40.461396217346184,estimate
2021-01-25,29.744213739395143,29.55342197418213,3.824838860085268,23.967134475708008,36.29999408721923,22.811545562744143,37.779398632049556,estimate
2021-01-26,27.223764492511748,27.052845001220703,3.7869745716872627,21.413680267333987,33.65153999328613,20.359039974212646,34.98101673126221,estimate
2021-01-27,24.895705774307253,24.705808639526367,3.753778646714994,19.027262687683105,31.255765819549563,18.181842422485353,32.453691482543945,estimate
2021-01-28,22.75167480659485,22.585182189941406,3.7260839275297717,16.91405372619629,29.2278021812439,16.09559597969055,30.38917045593261,estimate
2021-01-29,20.78328906440735,20.582542419433594,3.7055693153637237,15.03696413040161,27.301056385040283,14.245123648643494,28.40807166099548,estimate
2021-01-30,18.9826802649498,18.67514419555664,3.695768598661142,13.360057163238526,25.562320899963378,12.564843010902406,26.561383771896363,forecast
2021-01-31,17.341314596176147,17.01515293121338,3.701533820554545,11.763771867752075,23.9857271194458,10.956020069122314,24.99168148040771,forecast
2021-02-01,15.849672139406204,15.455710887908936,3.727937617698814,10.352037715911864,22.57087278366089,9.578012561798095,23.818655633926387,forecast
2021-02-02,14.497723202466965,14.083176136016846,3.7791846006916523,9.023568201065064,21.32015323638916,8.336431503295898,22.71757063865661,forecast
2021-02-03,13.275366341590882,12.791954040527344,3.857955432019639,7.924734306335449,20.299763870239254,7.255586862564087,21.92769317626953,forecast
2021-02-04,12.172544539213181,11.591351985931396,3.9653088372117113,6.903363966941833,19.17612228393555,6.2510510087013245,21.365153264999392,forecast
2021-02-05,11.17951709485054,10.477054595947266,4.101383495716279,6.017890548706054,18.630917358398435,5.4431347489357,20.375623655319185,forecast
2021-02-06,10.287189737200737,9.433746337890625,4.266535448641503,5.2146775960922245,17.955634021759032,4.70375440120697,20.252873563766478,forecast
2021-02-07,9.486864855885505,8.500470638275146,4.460869170151539,4.547254967689515,17.332437515258786,4.0694115400314335,20.361212730407676,forecast
2021-02-08,8.77011788225174,7.6555891036987305,4.6848623141433805,3.9623464941978455,16.780238819122314,3.480190932750702,20.548216199874872,forecast
2021-02-09,8.129635272860527,6.886096477508545,4.940504508314983,3.4360204577445983,16.348421478271487,2.9805682241916656,20.411704778671258,forecast
2021-02-10,7.558485094726086,6.203735589981079,5.230228444999828,2.972588562965393,15.921122455596924,2.558972179889679,20.018696832656822,forecast
2021-02-11,7.050381617546082,5.561209201812744,5.557483428261334,2.562794589996338,15.539085149765013,2.175192809104919,20.04731674194334,forecast
2021-02-12,6.599667648017406,4.988148927688599,5.926446416427684,2.1990917801856997,15.30939397811889,1.8473237603902817,20.089052248001096,forecast
2021-02-13,6.201045856058598,4.487575531005859,6.341663342866615,1.8931097507476806,14.9538330078125,1.5763449668884277,20.178328418731674,forecast
2021-02-14,5.85005628618598,4.039478063583374,6.808955378399023,1.6323045492172243,14.59281024932861,1.3426538556814194,20.158540487289418,forecast
2021-02-15,5.542740526974201,3.6230937242507935,7.33450173335949,1.3981735944747924,14.412988281249996,1.1400691986083984,20.352813768386778,forecast
2021-02-16,5.275382693082094,3.260233163833618,7.924913830843946,1.1927641451358795,14.1703263759613,0.9661091417074203,20.419212436675906,forecast
2021-02-17,5.04476651827991,2.92210853099823,8.587062105708078,1.0154536485671997,13.920866489410393,0.816900946199894,20.533248853683308,forecast
2021-02-18,4.848254504218698,2.63011372089386,9.328739877277876,0.8673451572656631,13.868317556381221,0.6821533352136612,20.61230568885787,forecast
2021-02-19,4.683239037439227,2.357164978981018,10.15760828014604,0.7448372006416321,13.778983306884765,0.5763146385550499,20.722637844085565,forecast
2021-02-20,4.547729107931256,2.127597451210022,11.081914679545672,0.6333247750997543,13.552164220809932,0.4862855225801468,21.093323040008485,forecast
2021-02-21,4.43984677375108,1.9113147258758545,12.109816532232173,0.5410141497850418,13.319655323028554,0.41044528037309647,21.368111324310263,forecast
2021-02-22,4.358166351087392,1.7246648073196411,13.249840272193994,0.4602388858795166,13.331443595886228,0.3497264921665192,21.549794673919585,forecast
2021-02-23,4.30104243580997,1.5480009317398071,14.509941232719772,0.39167460054159164,13.033501958847033,0.29555027186870575,21.87769060134875,forecast
2021-02-24,4.267496087424457,1.387931764125824,15.89830835903493,0.33388836383819576,12.778177785873394,0.24944358989596369,22.20932955741866,forecast
2021-02-25,4.25653899403289,1.237064778804779,17.422104487434936,0.28331383466720583,12.79078707695006,0.21046352870762347,22.546493768691818,forecast
